"restaurant_name","cuisines","cost","timings","collections","url"
"Flechazo","Asian, Mediterranean, North Indian, Momos",1300,"11:30am – 4:30pm, 6:30pm – 11pm (Mon-Sun)","Great Buffets, Hyderabad's Hottest","https://www.zomato.com/hyderabad/flechazo-gachibowli"
"Mustang Terrace Lounge","Mexican, Italian, North Indian, Chinese, Salad",1300,"12noon – 11:30pm (Mon-Thu),12noon – 1am...","Rooftops, Live Sports Screenings, Best Bars & Pubs","https://www.zomato.com/hyderabad/mustang-terrace-lounge-gachibowli"
"SKYHY","North Indian, Chinese, Continental",1400,"12noon – 12midnight (Mon, Tue, Wed, Thu, Sun)...","Live Sports Screenings, Gigs and Events","https://www.zomato.com/hyderabad/skyhy-gachibowli"
"Beyond Flavours","Chinese, Continental, Kebab, European, South Indian, North Indian",800,"12noon – 3:30pm, 6:30pm – 11:30pm (Mon-Sun)","Food Hygiene Rated Restaurants in Hyderabad, Corporate Favorites, Great Buffets, Top-Rated, Gold Curated, Live Sports Screenings","https://www.zomato.com/hyderabad/beyond-flavours-gachibowli"
"Shah Ghouse Hotel & Restaurant","Biryani, North Indian, Chinese, Seafood, Beverages",800,"12noon – 2am (Mon-Sun)","Late Night Restaurants, Brilliant Biryanis","https://www.zomato.com/hyderabad/shah-ghouse-hotel-restaurant-gachibowli"
"Over The Moon Brew Company","Asian, Continental, North Indian, Chinese, Mediterranean",1200,"12noon – 11pm (Mon, Tue, Wed, Thu, Sun), 12noon...","Best Bars & Pubs, Food Hygiene Rated Restaurants in Hyderabad, Top-Rated, Gold Curated, Hyderabad's Hottest, Trending This Week","https://www.zomato.com/hyderabad/over-the-moon-brew-company-gachibowli"
"The Fisherman's Wharf","Seafood, Goan, North Indian, Continental, Asian",1500,"12noon – 3:30pm, 4pm – 6:30pm, 7pm – 11:30pm...","Sunday Brunches, Corporate Favorites, Great Buffets, Hyderabad's Hottest, Food Hygiene Rated Restaurants in Hyderabad, Top-Rated, Gold Curated","https://www.zomato.com/hyderabad/the-fishermans-wharf-gachibowli"
"Paradise","Biryani, North Indian, Chinese",800,"11am – 11pm (Mon-Sun)","Hyderabad's Hottest","https://www.zomato.com/hyderabad/paradise-gachibowli"
"Hyper Local","American, Chinese, North Indian, Kebab, South Indian",1000,"12noon – 12midnight (Mon-Sun)","Great Buffets, Live Sports Screenings, Best Bars & Pubs","https://www.zomato.com/hyderabad/hyper-local-gachibowli"
"eat.fit","Healthy Food, North Indian, Continental, South Indian",500,"7am – 10pm (Mon-Sun)","Food Hygiene Rated Restaurants in Hyderabad","https://www.zomato.com/hyderabad/eat-fit-gachibowli"
"Shah Ghouse Spl Shawarma","Lebanese",300,"12noon – 12midnight (Mon-Sun)",NA,"https://www.zomato.com/hyderabad/shah-ghouse-spl-shawarma-gachibowli"
"AB's - Absolute Barbecues","European, Mediterranean, North Indian",1500,"12noon – 4:30pm, 6:30pm – 11:30pm (Mon-Sun)","Barbecue & Grill, Great Buffets, Corporate Favorites, Hyderabad's Hottest","https://www.zomato.com/hyderabad/abs-absolute-barbecues-gachibowli"
"Absolute Sizzlers","Continental, American, Chinese",750,"11:30am – 1am (Mon-Sun)","Great Buffets","https://www.zomato.com/hyderabad/absolute-sizzlers-gachibowli"
"Cream Stone","Ice Cream, Desserts",350,"10am – 1am (Mon-Thu),10am – 1:30am (Fri-Sun)","Frozen Delights","https://www.zomato.com/hyderabad/cream-stone-gachibowli"
"Sardarji's Chaats & More","Street Food, North Indian, Fast Food",400,"12noon – 3:30pm, 7pm – 10:30pm (Mon-Sun)","Street Food, Veggie Friendly, Pocket Friendly","https://www.zomato.com/hyderabad/sardarjis-chaats-more-gachibowli"
"The Lal Street - Bar Exchange","North Indian, Italian, Finger Food",1300,"12noon – 12midnight (Mon-Sun)","Corporate Favorites, Happy Hours, Live Sports Screenings, Rooftops","https://www.zomato.com/hyderabad/the-lal-street-bar-exchange-gachibowli"
"Mazzo - Marriott Executive Apartments","Italian, North Indian, South Indian, Asian",1700,"6am – 12midnight (Mon-Sun)","Top-Rated, Gold Curated, Fancy and Fun ","https://www.zomato.com/hyderabad/mazzo-marriott-executive-apartments-gachibowli"
"NorFest - The Dhaba","North Indian",550,"12noon – 10:30pm (Mon-Sun)",NA,"https://www.zomato.com/hyderabad/norfest-the-dhaba-gachibowli"
"3B's - Buddies, Bar & Barbecue","North Indian, Mediterranean, European",1100,"12noon – 4pm, 6:30pm – 11:30pm (Mon-Sun)","Barbecue & Grill, Live Sports Screenings","https://www.zomato.com/hyderabad/3bs-buddies-bar-barbecue-gachibowli"
"B-Dubs","American",1600,"11am – 1am (Mon-Sun)","Hyderabad's Hottest","https://www.zomato.com/hyderabad/b-dubs-gachibowli"
"Tiki Shack","Continental",1000,"12noon – 11pm (Mon-Thu),12noon – 11:30pm (Fri-Sun)",NA,"https://www.zomato.com/hyderabad/tiki-shack-gachibowli"
"KFC","Burger, Fast Food",500,"11am – 11pm (Mon-Sun)",NA,"https://www.zomato.com/hyderabad/kfc-gachibowli"
"10 Downing Street","North Indian, Chinese, Continental",1900,"12noon – 12midnight (Mon-Sun)","Trending This Week","https://www.zomato.com/hyderabad/10-downing-street-gachibowli"
"Jonathan's Kitchen - Holiday Inn Express & Suites","North Indian, Japanese, Italian, Salad, Sushi",1900,"11:30am – 3pm, 7pm – 11pm (Mon-Sun)","Great Italian, Sunday Brunches","https://www.zomato.com/hyderabad/jonathans-kitchen-holiday-inn-express-suites-gachibowli"
"Pakwaan Grand","North Indian, Chinese, Biryani",400,"12noon – 11pm (Mon-Sun)","Trending This Week","https://www.zomato.com/hyderabad/pakwaan-grand-gachibowli"
"Hotel Zara Hi-Fi","Chinese, North Indian",400,"11:30am – 1am (Mon-Sun)",NA,"https://www.zomato.com/hyderabad/hotel-zara-gachibowli"
"Marsala Food Company","Arabian, North Indian, Chinese",700,"12noon – 4pm, 7pm – 12midnight (Mon-Sun)","Mandi, Great Buffets, The ‘Must Visit’ Eateries","https://www.zomato.com/hyderabad/marsala-food-company-gachibowli"
"13 Dhaba","North Indian",450,"Closed (Mon),12:30pm – 10pm (Tue-Sun)","Veggie Friendly","https://www.zomato.com/hyderabad/13-dhaba-gachibowli"
"Frio Bistro","European, Italian, Continental, Spanish",1200,"12noon – 11pm (Mon-Sun)",NA,"https://www.zomato.com/hyderabad/frio-bistro-gachibowli"
"Amul","Ice Cream, Desserts",150,"10am – 5am (Mon-Sun)",NA,"https://www.zomato.com/hyderabad/amul-gachibowli"
"Pot Pourri","Andhra, South Indian, North Indian",900,NA,NA,"https://www.zomato.com/hyderabad/pot-pourri-gachibowli"
"Hunger Maggi Point","Fast Food",200,"4:30pm – 5:30am (Mon-Sun)",NA,"https://www.zomato.com/hyderabad/hunger-maggi-point-gachibowli"
"Karachi Cafe","Cafe, Desserts, Fast Food",600,"10am – 10pm (Mon-Sun)",NA,"https://www.zomato.com/hyderabad/karachi-cafe-gachibowli"
"Deli 9 Bistro","Cafe, Continental, Desserts",700,"12noon – 10:30pm (Mon-Sun)",NA,"https://www.zomato.com/hyderabad/deli-9-bistro-gachibowli"
"The Glass Onion","North Indian, Continental, Italian, Asian",1200,"12noon – 11pm (Mon, Tue, Wed, Thu, Sun), 12noon...","Fancy and Fun , Hyderabad's Hottest","https://www.zomato.com/hyderabad/the-glass-onion-gachibowli"
"Club Rogue","North Indian, Fast Food",900,"11am – 12midnight (Mon-Sun)",NA,"https://www.zomato.com/hyderabad/club-rogue-gachibowli"
"Banana Leaf Multicuisine Restaurant","Biryani, South Indian, North Indian, Chinese, Andhra",700,"12:30pm – 3:30pm, 7pm – 10:40pm (Mon-Sun)","Great Buffets","https://www.zomato.com/hyderabad/banana-leaf-multicuisine-restaurant-gachibowli"
"Pista House","Bakery, North Indian, Mughlai, Juices, Chinese",1000,"11am – 12midnight (Mon-Sun)","Haleem","https://www.zomato.com/hyderabad/pista-house-2-gachibowli"
"The Indi Grill","BBQ, Asian, Modern Indian",1500,"12noon – 11pm (Mon-Sun)","Food Hygiene Rated Restaurants in Hyderabad, Great Buffets, Hyderabad's Hottest","https://www.zomato.com/hyderabad/the-indi-grill-gachibowli"
"Kritunga Restaurant","Andhra, Biryani, Hyderabadi, North Indian",500,"12noon – 4pm, 7pm – 11pm (Mon-Sun)",NA,"https://www.zomato.com/hyderabad/kritunga-restaurant-gachibowli"
"Karachi Bakery","Bakery, Fast Food, Desserts",500,"10am – 10pm (Mon-Sun)",NA,"https://www.zomato.com/hyderabad/karachi-bakery-gachibowli"
"Green Bawarchi Restaurant","North Indian, Chinese, Biryani",700,"12noon – 11pm (Mon-Sun)",NA,"https://www.zomato.com/hyderabad/green-bawarchi-restaurant-gachibowli"
"American Wild Wings","American, Fast Food, Salad, Burger",600,"12noon – 4am (Mon-Sun)","Food Hygiene Rated Restaurants in Hyderabad","https://www.zomato.com/hyderabad/american-wild-wings-gachibowli"
"Behrouz Biryani","Mughlai, Biryani",600,"10am – 1am (Mon-Sun)","Brilliant Biryanis","https://www.zomato.com/hyderabad/behrouz-biryani-gachibowli"
"The Foodie Monster Kitchen","American, Wraps, Desserts",500,"7am – 1am (Mon-Sun)","Great Breakfasts, Late Night Restaurants, Best shawarmas","https://www.zomato.com/hyderabad/the-foodie-monster-kitchen-gachibowli"
"La La Land - Bar & Kitchen","Finger Food, North Indian, Kebab, Chinese",1000,"12noon – 11:30pm (Mon-Sun)","Great Buffets","https://www.zomato.com/hyderabad/la-la-land-bar-kitchen-gachibowli"
"Shanghai Chef 2","Chinese, Thai, Indonesian, Asian",800,"12noon – 11pm (Mon-Sun)","Pan-Asian Delicacies","https://www.zomato.com/hyderabad/shanghai-chef-2-gachibowli"
"Barbeque Nation","Mediterranean, North Indian, Kebab, BBQ",1600,"12noon – 3:30pm, 6:30pm – 11:30pm (Mon-Sun)","Barbecue & Grill","https://www.zomato.com/hyderabad/barbeque-nation-gachibowli"
"Tempteys","Desserts, Beverages",350,"11:30am – 1am (Mon-Sun)","Best Milkshakes","https://www.zomato.com/hyderabad/tempteys-gachibowli"
"Ulavacharu","Andhra, North Indian, Chinese",1400,"12noon – 11:30pm (Mon-Sun)","Function Venues, Regional Favorites","https://www.zomato.com/hyderabad/ulavacharu-gachibowli"
"Mathura Vilas","South Indian, North Indian, Chinese",500,"11:30am – 3:30pm, 6:45pm – 11:30pm (Mon-Sun)","Veggie Friendly, Terrific Thalis","https://www.zomato.com/hyderabad/mathura-vilas-gachibowli"
"Owm Nom Nom","Chinese, Biryani, Andhra, North Indian",900,"12noon – 11:30pm (Mon-Sun)",NA,"https://www.zomato.com/hyderabad/owm-nom-nom-gachibowli"
"The Wonton","Chinese, Malaysian, Thai, Momos",850,"12noon – 11:30pm (Mon-Sat),12:30pm – 11:30pm (Sun)",NA,"https://www.zomato.com/hyderabad/the-wonton-gachibowli"
"Udipi's Upahar","South Indian, North Indian, Chinese",500,"6am – 10:30pm (Mon-Sun)",NA,"https://www.zomato.com/hyderabad/udipis-upahar-gachibowli"
"Cafe Eclat","Cafe, Bakery",700,"8am – 11:30pm (Mon-Sun)","Sneak Peek Hyderabad","https://www.zomato.com/hyderabad/cafe-eclat-gachibowli"
"Biryanis And More","North Indian, Biryani, Chinese",500,"11am – 11pm (Mon-Sun)",NA,"https://www.zomato.com/hyderabad/biryanis-and-more-gachibowli"
"PourHouse7","North Indian, Continental, Chinese, Italian",1200,"12noon – 12midnight (Mon, Tue, Wed, Thu, Sun)...","Happy Hours, Top Drinking Destinations, Corporate Favorites","https://www.zomato.com/hyderabad/pourhouse7-gachibowli"
"Gal Punjab Di","North Indian, Continental",800,"11:55am – 4pm, 7pm – 11:15pm (Mon-Sun)",NA,"https://www.zomato.com/hyderabad/gal-punjab-di-gachibowli"
"KS Bakers","Bakery, Desserts, Fast Food",200,"9am – 10pm (Mon-Sun)",NA,"https://www.zomato.com/hyderabad/ks-bakers-gachibowli"
"Diners Pavilion","Chinese, Continental, Italian",1200,"12noon – 4:30pm, 6:30pm – 11:30pm...","Great Buffets, Live Sports Screenings","https://www.zomato.com/hyderabad/diners-pavilion-gachibowli"
"Hitech Bawarchi Food Zone","Biryani, North Indian, Chinese",500,"12noon – 11pm (Mon-Sun)",NA,"https://www.zomato.com/hyderabad/hitech-bawarchi-food-zone-gachibowli"
"Being Hungry","North Indian, Chinese",450,"12noon – 3pm, 7pm – 11:30pm (Mon-Sun)",NA,"https://www.zomato.com/hyderabad/being-hungry-gachibowli"
"Feast - Sheraton Hyderabad Hotel","Modern Indian, Asian, Continental, Italian",2500,"6:30am – 10:30am, 12:30pm – 3pm, 7pm – 11pm...","Sunday Brunches, Great Breakfasts, Function Venues, Ramadan 2019","https://www.zomato.com/hyderabad/feast-sheraton-hyderabad-hotel-gachibowli"
"Shree Santosh Dhaba Family Restaurant","North Indian, Chinese, Fast Food",500,"11am – 11:30pm (Mon-Sun)",NA,"https://www.zomato.com/hyderabad/shree-santosh-dhaba-family-restaurant-gachibowli"
"Asian Meal Box","Asian",200,"12noon – 12midnight (Mon, Tue, Wed, Thu, Sun)...",NA,"https://www.zomato.com/hyderabad/asian-meal-box-gachibowli"
"The Tilt Bar Republic","North Indian, Continental, Italian",1500,"12noon – 12midnight (Mon-Sun)","Gigs and Events, Corporate Favorites, Happy Hours, Great Buffets","https://www.zomato.com/thetiltbarrepublic"
"Eat India Company","North Indian, Mughlai, Beverages",1300,"12noon – 3pm, 7pm – 11pm (Mon-Sun)",NA,"https://www.zomato.com/hyderabad/eat-india-company-gachibowli"
"Prism Club & Kitchen","Kebab, Continental, Italian, North Indian",1200,"5pm – 12midnight (Mon-Sun)","Sneak Peek Hyderabad, Best Bars & Pubs, Gigs and Events","https://www.zomato.com/hyderabad/prism-club-kitchen-gachibowli"
"Labonel","Bakery, Desserts",1000,"11am – 8pm (Mon-Sat),Closed (Sun)","Best Bakeries","https://www.zomato.com/hyderabad/labonel-gachibowli"
"Aromas@11SIX","North Indian, Chinese, Mughlai, Biryani",750,"11:30am – 12midnight (Mon-Sun)",NA,"https://www.zomato.com/hyderabad/aromas11six-gachibowli"
"Hyderabad Chefs","North Indian, Chinese",600,"12noon – 10:30pm (Mon-Sun)",NA,"https://www.zomato.com/hyderabad/hyderabad-chefs-gachibowli"
"Komatose - Holiday Inn Express & Suites","North Indian, Chinese, Japanese, Sushi",1500,"1pm – 11pm (Mon-Sun)","Happy Hours, Top-Rated, Gold Curated","https://www.zomato.com/hyderabad/komatose-holiday-inn-express-suites-gachibowli"
"Dine O China","Chinese, Asian, Momos",850,"11:30am – 11pm (Mon-Sun)",NA,"https://www.zomato.com/hyderabad/dine-o-china-gachibowli"
"Faasos","Fast Food, Biryani, Desserts",600,"9am – 1am (Mon-Sun)",NA,"https://www.zomato.com/hyderabad/faasos-gachibowli"
"Urban Asia - Kitchen & Bar","Asian, Thai, Chinese, Sushi, Momos",1100,"12noon – 3pm, 7pm – 11pm (Mon-Sun)",NA,"https://www.zomato.com/hyderabad/urban-asia-kitchen-bar-gachibowli"
"Khaan Saab","North Indian, Mughlai",1100,"12noon – 3:30pm, 7pm – 11:30pm (Mon-Sun)","New on Gold","https://www.zomato.com/hyderabad/khaan-saab-gachibowli"
"Royal Spicy Restaurant","North Indian, South Indian",700,"10:30am – 11pm (Mon-Sun)",NA,"https://www.zomato.com/hyderabad/royal-spicy-restaurant-gachibowli"
"Squeeze @ The Lime","Italian, North Indian, Chinese, Salad",650,"7am – 10:30am, 12:30pm – 3:30pm, 7pm – 11pm...","Veggie Friendly","https://www.zomato.com/hyderabad/squeeze-the-lime-gachibowli"
"Driven Cafe","Cafe, Fast Food, Beverages",600,"4am – 12midnight (Mon-Sun)",NA,"https://www.zomato.com/hyderabad/driven-cafe-gachibowli"
"Olive Garden","North Indian, Chinese, Continental, Biryani",700,"12noon – 3:30pm, 7pm – 11pm (Mon-Sun)",NA,"https://www.zomato.com/hyderabad/olive-garden-gachibowli"
"Tandoori Food Works","North Indian, Burger, Kebab",500,"12noon – 12midnight (Mon, Tue, Wed, Thu, Sun)...","Brilliant Biryanis","https://www.zomato.com/hyderabad/tandoori-food-works-gachibowli"
"Al Saba Restaurant","North Indian, Chinese, Seafood, Biryani, Hyderabadi",750,"6am – 11:30pm (Mon-Sun)",NA,"https://www.zomato.com/hyderabad/al-saba-restaurant-gachibowli"
"Yum Yum Tree - The Arabian Food Court","North Indian, Hyderabadi",1200,"12noon – 12midnight (Mon-Sun)","Food Hygiene Rated Restaurants in Hyderabad","https://www.zomato.com/hyderabad/yum-yum-tree-the-arabian-food-court-gachibowli"
"Delhi-39","North Indian, Chinese",600,"11am – 11pm (Mon-Sun)",NA,"https://www.zomato.com/hyderabad/delhi-39-gachibowli"
"GD's","Burger, American",500,"11:30am – 5am (Mon-Sun)",NA,"https://www.zomato.com/hyderabad/gds-gachibowli"
"T Grill","North Indian, Andhra, Biryani, Chinese",700,"12:30pm – 3:30pm, 7pm – 11pm (Mon-Sun)",NA,"https://www.zomato.com/hyderabad/t-grill-gachibowli"
"The Old Madras Baking Company","Bakery",350,"7am – 11pm (Mon-Sun)",NA,"https://www.zomato.com/hyderabad/the-old-madras-baking-company-gachibowli"
"Domino's Pizza","Fast Food, Pizza",400,"11am – 11pm (Mon-Sun)",NA,"https://www.zomato.com/hyderabad/dominos-pizza-4-gachibowli"
"Arena Eleven","Continental",1600,"12noon – 12midnight (Mon-Sun)","New on Gold","https://www.zomato.com/hyderabad/arena-eleven-gachibowli"
"The Chocolate Room","Cafe, Desserts",600,"10am – 12midnight (Mon-Sun)",NA,"https://www.zomato.com/hyderabad/the-chocolate-room-gachibowli"
"Mohammedia Shawarma","Street Food, Arabian",150,"1pm – 1am (Mon-Sun)",NA,"https://www.zomato.com/hyderabad/mohammedia-shawarma-gachibowli"
"Cascade - Radisson Hyderabad Hitec City","North Indian, Italian, Continental, Asian",1800,"24 Hours (Mon-Sun)",NA,"https://www.zomato.com/hyderabad/cascade-radisson-hyderabad-hitec-city-gachibowli"
"Collage - Hyatt Hyderabad Gachibowli","Continental, Italian, North Indian, Chinese, Asian",2800,"24 Hours (Mon-Sun)","Sunday Brunches","https://www.zomato.com/hyderabad/collage-hyatt-hyderabad-gachibowli-gachibowli"
"Triptify","North Indian",400,"11am – 11pm (Mon-Sun)",NA,"https://www.zomato.com/hyderabad/triptify-gachibowli"
"Momos Delight","Momos",200,"6pm – 2am (Mon-Sun)",NA,"https://www.zomato.com/hyderabad/momos-delight-gachibowli"
"Chinese Pavilion","Chinese, Seafood",1000,"12noon – 3:30pm, 7pm – 11pm (Mon-Sun)",NA,"https://www.zomato.com/hyderabad/chinese-pavilion-gachibowli"
"Desi Bytes","North Indian, Chinese",400,"1pm – 2am (Mon, Wed, Thu, Fri, Sat, Sun), Closed...",NA,"https://www.zomato.com/hyderabad/desi-bytes-gachibowli"
"Dunkin' Donuts","Desserts, Cafe, Beverages, Burger, Fast Food",550,"10am – 11pm (Mon-Sun)",NA,"https://www.zomato.com/hyderabad/dunkin-donuts-gachibowli"
"Zega - Sheraton Hyderabad Hotel","Asian, Sushi",1750,"12noon – 2am (Mon-Sun)",NA,"https://www.zomato.com/hyderabad/zega-sheraton-hyderabad-hotel-gachibowli"
"Hyderabadi Daawat","Hyderabadi, Chinese, Mughlai",600,"12:30pm – 11:30pm (Mon-Sun)","Food Hygiene Rated Restaurants in Hyderabad","https://www.zomato.com/hyderabad/hyderabadi-daawat-1-gachibowli"
"Zing's Northeast Kitchen","North Eastern, Momos",550,"11:30am – 4pm, 7pm – 11pm (Mon-Sun)",NA,"https://www.zomato.com/hyderabad/zings-northeast-kitchen-gachibowli"
"Noodles Inc","Italian, Indonesian, Russian, Burmese",300,"11am – 1am (Mon-Sun)",NA,"https://www.zomato.com/hyderabad/noodles-inc-gachibowli"
"IndiBlaze","Fast Food, Salad",600,"11am – 11pm (Mon-Sun)",NA,"https://www.zomato.com/hyderabad/indiblaze-gachibowli"
"Sweet Basket","Bakery, Mithai",200,"10am – 10pm (Mon-Thu),8am – 10:30pm (Fri-Sun)",NA,"https://www.zomato.com/hyderabad/sweet-basket-gachibowli"
"Wich Please","Fast Food",250,"8am – 12:30AM (Mon-Sun)",NA,"https://www.zomato.com/hyderabad/wich-please-1-gachibowli"
"Republic Of Noodles - Lemon Tree Hotel","Thai, Asian, Chinese, Malaysian",1700,"11:30am – 3pm, 7pm – 12midnight (Mon-Sun)","Pan-Asian Delicacies","https://www.zomato.com/hyderabad/republic-of-noodles-lemon-tree-hotel-gachibowli"
"Angaara Counts 3","North Indian, Biryani, Chinese",500,"12noon – 11pm (Mon-Sun)",NA,"https://www.zomato.com/hyderabad/angaara-counts-3-gachibowli"
"Melting Pot","North Indian, Chinese",500,"11am – 11pm (Mon-Sun)",NA,"https://www.zomato.com/hyderabad/melting-pot-gachibowli"
"Pepper Treats","Kerala",500,"12noon – 3:30pm, 7pm – 10:30pm (Mon-Sun)",NA,"https://www.zomato.com/hyderabad/pepper-treats-gachibowli"
"Drunkyard","Continental, North Indian, Chinese",1000,"12noon – 12midnight (Mon-Sun)",NA,"https://www.zomato.com/hyderabad/drunkyard-gachibowli"
"Eatsome","Fast Food, North Indian, Momos",400,"11am – 11pm (Mon-Sun)",NA,"https://www.zomato.com/hyderabad/eatsome-gachibowli"
"Pavilion - The Peerless Inn","North Indian, Continental, South Indian, Chinese",800,"7:30am – 10:30pm (Mon-Sun)","Great Buffets","https://www.zomato.com/thepeerlessinnhyd"
"Ovenstory Pizza","Pizza, Fast Food",800,"11am – 1am (Mon-Sun)",NA,"https://www.zomato.com/hyderabad/ovenstory-pizza-gachibowli"
"Shriji Rasoi","North Indian",300,"11am – 4pm, 7pm – 11pm (Mon-Sun)",NA,"https://www.zomato.com/hyderabad/shriji-rasoi-gachibowli"
"Rice Bowl","North Indian",350,"12noon – 4pm, 6:30pm – 10:30pm (Mon-Sun)","Pocket Friendly","https://www.zomato.com/hyderabad/rice-bowl-gachibowli"
"Subway","Fast Food, Healthy Food, Sandwich, Salad",500,"8am – 10:30pm (Mon-Sun)",NA,"https://www.zomato.com/hyderabad/subway-1-gachibowli"
"Kritunga - Palegar's Cuisine","South Indian",800,"12:30pm – 4pm, 7:30pm – 11pm (Mon-Sun)","Food Hygiene Rated Restaurants in Hyderabad","https://www.zomato.com/hyderabad/kritunga-palegars-cuisine-gachibowli"
"Dirty Burgers","BBQ, Fast Food, Burger, Wraps",800,"1pm – 11pm (Mon-Thu),1pm – 12midnight (Fri-Sun)",NA,"https://www.zomato.com/hyderabad/dirty-burgers-gachibowli"
"Citrus Cafe - Lemon Tree Hotel","European, South Indian, American, North Indian, Continental",1800,"24 Hours (Mon-Sun)","Great Buffets","https://www.zomato.com/hyderabad/citrus-cafe-lemon-tree-hotel-gachibowli"
"Link - Sheraton Hyderabad Hotel","Cafe",1500,"24 Hours (Mon-Sun)",NA,"https://www.zomato.com/hyderabad/link-sheraton-hyderabad-hotel-gachibowli"
"Pizza Hut","Pizza, Fast Food, Italian",900,"11am – 11pm (Mon-Sun)",NA,"https://www.zomato.com/hyderabad/pizza-hut-1-gachibowli"
"Anandam","North Indian, Rajasthani",350,"12noon – 11pm (Mon-Sun)",NA,"https://www.zomato.com/hyderabad/anandam-gachibowli"
"Masti Sports Bar","North Indian, Continental",1400,"12noon – 12midnight (Mon, Tue, Wed, Thu, Sun)...",NA,"https://www.zomato.com/hyderabad/masti-sports-bar-gachibowli"
"Milk Shake Factory","Beverages, Desserts, Fast Food",350,"12noon – 11pm (Mon-Sun)",NA,"https://www.zomato.com/hyderabad/milk-shake-factory-gachibowli"
"Frozen Bottle","Beverages, Desserts",400,"11am – 3:30am (Mon-Sun)","Best Milkshakes","https://www.zomato.com/hyderabad/frozen-bottle-gachibowli"
"Pakka Local","Andhra, South Indian, North Indian, Chinese",1000,"12noon – 11pm (Mon-Sun)","Sneak Peek Hyderabad","https://www.zomato.com/hyderabad/pakka-local-gachibowli"
"Coconut Juice Bar","Beverages",150,"11am – 4am (Mon-Sun)","Hyderabad's Hottest","https://www.zomato.com/hyderabad/coconut-juice-bar-gachibowli"
"Oakleaf: Oakwood Residence Kapil Hyderabad","Continental, North Indian, Italian, Desserts, Seafood",1500,"24 Hours (Mon-Sun)","Late Night Restaurants","https://www.zomato.com/oakleaf"
"Chak De","North Indian, Chinese, Biryani",500,"11am – 11:45pm (Mon-Sun)",NA,"https://www.zomato.com/hyderabad/chak-de-gachibowli"
"Indus - Ellaa Hotels","Continental, North Indian, South Indian, Mexican, Chinese",1000,"24 Hours (Mon-Sun)",NA,"https://www.zomato.com/hyderabad/indus-ellaa-hotels-gachibowli"
"Snack Time","Fast Food, Burger, Beverages",300,"12noon – 10pm (Mon-Sun)",NA,"https://www.zomato.com/hyderabad/snack-time-gachibowli"
"Bahar Cafe","North Indian, Chinese, Biryani",650,"11:30am – 10:30pm (Mon-Sun)",NA,"https://www.zomato.com/hyderabad/bahar-cafe-1-gachibowli"
"Istah - Sizzling Shawarmas","Arabian, Mediterranean",400,"8am – 3am (Mon-Sun)","Best shawarmas","https://www.zomato.com/hyderabad/istah-sizzling-shawarmas-1-gachibowli"
"Pulav House","South Indian, North Indian, Chinese",600,"Closed (Mon),11am – 11pm (Tue-Wed),11am –...",NA,"https://www.zomato.com/hyderabad/pulav-house-gachibowli"
"Balaji Rajasthan Food House","Rajasthani, North Indian",250,"11am – 3:30pm, 7pm – 10:30pm (Mon-Sun)","Terrific Thalis","https://www.zomato.com/hyderabad/balaji-rajasthan-food-house-gachibowli"
"Naina Tiffins & Meals","North Indian, South Indian, Chinese",200,"6:30am – 11:30pm (Mon-Sun)",NA,"https://www.zomato.com/hyderabad/naina-tiffins-meals-gachibowli"
"Rasbahar","Mithai, Fast Food",250,"9am – 10pm (Mon-Sun)",NA,"https://www.zomato.com/hyderabad/rasbahar-gachibowli"
"Firangi Bake","Mexican, Italian",600,"11am – 1am (Mon-Sun)",NA,"https://www.zomato.com/hyderabad/firangi-bake-gachibowli"
"Bangkok 169","Thai, Asian, Chinese",800,"12noon – 12midnight (Mon-Sun)",NA,"https://www.zomato.com/hyderabad/bangkok-169-1-gachibowli"
"The Punjabis Swag","Chinese, Continental",500,"12noon – 3:30pm, 7pm – 11pm (Mon-Sun)","Hyderabad's Hottest","https://www.zomato.com/hyderabad/the-punjabis-swag-gachibowli"
"Malabar Magic","Kerala",300,"12:30pm – 11:50pm (Mon, Wed, Thu, Fri, Sat, Sun)...",NA,"https://www.zomato.com/hyderabad/malabar-magic-gachibowli"
"Punjabi Bytes","North Indian",250,"12:30pm – 3pm, 8pm – 12:30AM (Mon-Sun)",NA,"https://www.zomato.com/hyderabad/punjabi-bytes-gachibowli"
"Plush Creamery","Desserts",300,"12noon – 2am (Mon-Sun)",NA,"https://www.zomato.com/hyderabad/plush-creamery-1-gachibowli"
"Keshav Reddy Sweets","Mithai, Fast Food",250,"9am – 9:30pm (Mon-Sun)",NA,"https://www.zomato.com/hyderabad/keshav-reddy-sweets-gachibowli"
"Hong Kong Chinese Restaurant","Chinese",700,"12noon – 3pm, 7pm – 10pm (Mon-Sun)",NA,"https://www.zomato.com/hyderabad/hong-kong-chinese-restaurant-gachibowli"
"Budget Meal","North Indian, South Indian, Chinese, Continental",700,"10:30am – 3am (Mon-Sun)",NA,"https://www.zomato.com/hyderabad/budget-meal-gachibowli"
"Blu Ginger","North Indian, Biryani",550,"12noon – 11:30pm (Mon-Sun)",NA,"https://www.zomato.com/hyderabad/blu-ginger-gachibowli"
"Biryani & U","Biryani",300,"12noon – 2am (Mon-Sun)",NA,"https://www.zomato.com/hyderabad/biryani-u-gachibowli"
"Chama Gaucha","South American",2200,"7pm – 11pm (Mon-Sun)",NA,"https://www.zomato.com/hyderabad/chama-gaucha-gachibowli"
"Chicken Shawarma Hub","Rolls, Lebanese",200,"12noon – 12midnight (Mon-Sun)",NA,"https://www.zomato.com/hyderabad/chicken-shawarma-hub-gachibowli"
"Planet Gravy","North Indian, South Indian, Chinese",400,"12noon – 3am (Mon-Sun)",NA,"https://www.zomato.com/hyderabad/planet-gravy-gachibowli"
"Fine Food Court","North Indian, Chinese, Seafood",450,"11:30am – 12:30AM (Mon-Sun)",NA,"https://www.zomato.com/hyderabad/fine-food-court-gachibowli"
"AM-PM Food Court","Fast Food",200,"1pm – 1am (Mon-Sun)",NA,"https://www.zomato.com/hyderabad/am-pm-food-court-1-gachibowli"
"Balaji Santosh Family Dhaba","North Indian, Chinese",600,"11am – 11pm (Mon-Sun)",NA,"https://www.zomato.com/hyderabad/balaji-santosh-family-dhaba-gachibowli"
"Hitex Santosh Dhaba","North Indian, Chinese",600,"12noon – 11pm (Mon-Sun)",NA,"https://www.zomato.com/hyderabad/hitex-santosh-dhaba-gachibowli"
"Pariwar Eatery","North Indian, Chinese",350,"3pm – 1am (Mon-Sun)",NA,"https://www.zomato.com/hyderabad/pariwar-eatery-gachibowli"
"Gujarati Mess","Gujarati",200,"12noon – 3pm, 7pm – 9:30pm (Mon-Sun)",NA,"https://www.zomato.com/hyderabad/gujarati-mess-gachibowli"
"Cafe De Loco","Cafe, Tea, Fast Food",700,"11am – 11pm (Mon-Sun)",NA,"https://www.zomato.com/cafedeloco"
"AM-PM Dosa Point","South Indian",150,"1pm – 1am (Mon-Sun)",NA,"https://www.zomato.com/hyderabad/am-pm-dosa-point-gachibowli"
"WAI-KIKI - Polynesian Resto Bar","Seafood",3000,"12noon – 3pm, 7pm – 11pm (Mon, Tue, Wed, Thu...",NA,"https://www.zomato.com/hyderabad/wai-kiki-polynesian-resto-bar-gachibowli"
"The Egg Stop - Omelette Cafe","American, Beverages",500,"12midnight – 1am, 7:30am – 12midnight...",NA,"https://www.zomato.com/hyderabad/the-egg-stop-omelette-cafe-gachibowli"
"Grill Point","North Indian, Kebab",500,"10am – 10pm (Mon-Sun)",NA,"https://www.zomato.com/hyderabad/grill-point-gachibowli"
"Cafe 115: Oakwoood Residence Kapil Hyderabad","Continental, Desserts, Beverages",350,"7:30am – 10:30pm (Mon-Sun)",NA,"https://www.zomato.com/cafe115"
"Chakhh De Punjab","North Indian, Chinese",500,"11:30am – 3:30pm, 6:30pm – 3am (Mon-Sun)",NA,"https://www.zomato.com/hyderabad/chakhh-de-punjab-gachibowli"
"Punjabi Bhatti","North Indian, Chinese",400,"12noon – 11pm (Mon-Sun)",NA,"https://www.zomato.com/hyderabad/punjabi-bhatti-1-gachibowli"
"Healthie","Healthy Food, Sandwich, Salad, Juices, Desserts, Beverages",600,"8am – 11pm (Mon-Sun)",NA,"https://www.zomato.com/hyderabad/healthie-gachibowli"
"Cusino","North Indian, Chinese",500,"12midnight – 2am, 1pm – 12midnight (Mon-Sun)",NA,"https://www.zomato.com/hyderabad/cusino-gachibowli"
"Yosta Xpress","Beverages, Sandwich",150,"11am – 11pm (Mon-Sun)","Pocket Friendly","https://www.zomato.com/hyderabad/yosta-xpress-gachibowli"
"Mist n Creams","Ice Cream, Desserts",300,"11:30am – 11:30pm (Mon-Sun)",NA,"https://www.zomato.com/hyderabad/mist-n-creams-gachibowli"
"Cakesclub.com","Bakery, Desserts",300,"10am – 1am (Mon-Sun)",NA,"https://www.zomato.com/hyderabad/cakesclub-com-gachibowli"
"Swadisht","South Indian, North Indian",300,"7:30am – 1:30am (Mon-Sun)",NA,"https://www.zomato.com/hyderabad/swadisht-gachibowli"
"Golconda Chefs","Andhra, Biryani, Chinese, Mughlai",600,"12noon – 12midnight (Mon-Sun)",NA,"https://www.zomato.com/hyderabad/golconda-chefs-gachibowli"
"Cafe Coffee Day","Cafe, Desserts, Beverages, Sandwich",500,"10am – 10pm (Mon-Sun)",NA,"https://www.zomato.com/hyderabad/cafe-coffee-day-gachibowli"
"Milkshake Buffin","Beverages, Desserts",300,"11am – 12midnight (Mon-Sun)","Best Milkshakes","https://www.zomato.com/hyderabad/milkshake-buffin-gachibowli"
"Granny's Art Café","Cafe, North Indian, Italian",300,"Closed (Mon),10am – 11pm (Tue-Sun)",NA,"https://www.zomato.com/hyderabad/grannys-art-café-gachibowli"
"Keventers","Desserts, Beverages, Ice Cream",400,"11am – 2am (Mon-Sun)",NA,"https://www.zomato.com/hyderabad/keventers-gachibowli"
"Sweet Truth","Desserts",300,"9am – 1am (Mon-Sun)",NA,"https://www.zomato.com/hyderabad/sweet-truth-gachibowli"
"Deori- Hyatt Hyderabad Gachibowli","North Indian, Andhra",2500,"7pm – 11:30pm (Mon-Sun)",NA,"https://www.zomato.com/hyderabad/deori-hyatt-hyderabad-gachibowli-gachibowli"
"Masquerade","North Indian, Chinese, Fast Food, Asian, Mexican, Italian, Desserts",1000,"12noon – 11pm (Mon-Sun)",NA,"https://www.zomato.com/hyderabad/masquerade-gachibowli"
"The ThickShake Factory","Beverages",300,"10am – 12midnight (Mon-Sun)",NA,"https://www.zomato.com/hyderabad/the-thickshake-factory-1-gachibowli"
"Amamma Ruchulu","South Indian, North Indian, Biryani",250,"11am – 2am (Mon-Sun)",NA,"https://www.zomato.com/hyderabad/amamma-ruchulu-gachibowli"
"Village Aaharam","South Indian",150,"7am – 11pm (Mon-Sun)",NA,"https://www.zomato.com/hyderabad/village-aaharam-gachibowli"
"Raju Gari Pulao","South Indian",800,"12:30pm – 3:30pm, 7pm – 11:30pm (Mon-Sun)",NA,"https://www.zomato.com/hyderabad/raju-gari-pulao-gachibowli"
"Khaanagiri","North Indian, South Indian",400,"7:30pm – 3am (Mon-Fri),12noon – 2:30pm, 7:30pm...",NA,"https://www.zomato.com/hyderabad/khaanagiri-gachibowli"
"Royal Juice Bar and Snacks","Fast Food, Beverages, Juices",150,"10am – 12midnight (Mon-Sun)",NA,"https://www.zomato.com/hyderabad/royal-juice-bar-and-snacks-gachibowli"
"Hop In","Fast Food, Desserts, Beverages",500,"8am – 11pm (Mon-Sun)",NA,"https://www.zomato.com/hyderabad/hop-in-gachibowli"
"Roll Darbar","Fast Food, Rolls",200,"11:30am – 10:30pm (Mon-Sun)",NA,"https://www.zomato.com/hyderabad/roll-darbar-gachibowli"
"Devour","Continental, Mexican, Fast Food, Italian, Pizza",400,"12:30pm – 12:30AM (Mon-Sun)",NA,"https://www.zomato.com/hyderabad/devour-gachibowli"
"13 Rice Bowls","Chinese",300,"12noon – 10:30pm (Mon-Tue),12noon – 3pm, 6pm –...",NA,"https://www.zomato.com/hyderabad/13-rice-bowls-gachibowli"
"Little Andhra","South Indian",350,"12noon – 10:30pm (Mon-Sun)",NA,"https://www.zomato.com/hyderabad/little-andhra-1-gachibowli"
"Spoonly","North Indian, Biryani",400,"10am – 1pm (Mon-Sun)",NA,"https://www.zomato.com/hyderabad/spoonly-gachibowli"
"Shawarma Stop & Arabian Delight","Lebanese, Momos, Sandwich",300,"2pm – 10:30pm (Mon-Sun)",NA,"https://www.zomato.com/hyderabad/shawarma-stop-arabian-delight-gachibowli"
"InnerChef","North Indian, South Indian, Italian, Continental, Mediterranean, Lebanese, Desserts, Beverages",500,"8am – 11pm (Mon-Sun)",NA,"https://www.zomato.com/hyderabad/innerchef-gachibowli"
"Deepak Edla's Kitchen","Chinese, North Indian, South Indian",250,"Closed (Mon),11am – 3pm, 7pm – 10pm (Tue-Sun)",NA,"https://www.zomato.com/hyderabad/deepak-edlas-kitchen-gachibowli"
"Sweet Magic","Andhra, North Indian, Mithai",700,"11am – 11pm (Mon-Sun)",NA,"https://www.zomato.com/hyderabad/sweet-magic-gachibowli"
"The Chennai Cafe","South Indian",200,"8am – 10:30pm (Mon-Sat),8am – 3:30pm (Sun)",NA,"https://www.zomato.com/hyderabad/the-chennai-cafe-gachibowli"
"Parampara- 'The Mithai Shop'","Mithai, Street Food",500,"8am – 10:30pm (Mon-Sun)","Sweet shops","https://www.zomato.com/hyderabad/parampara-the-mithai-shop-gachibowli"
"Bihari Dhaba","North Indian, Bihari",250,"12noon – 11pm (Mon-Sun)",NA,"https://www.zomato.com/hyderabad/bihari-dhaba-gachibowli"
"Foreign Café","American, Italian, Continental, Burger, Sandwich",650,"8am – 11pm (Mon-Sun)",NA,"https://www.zomato.com/hyderabad/foreign-café-gachibowli"
"Kobe Sizzler","Asian, Chinese",1100,"12noon – 11pm (Mon-Sun)","Corporate Favorites","https://www.zomato.com/hyderabad/kobe-sizzler-gachibowli"
"Munchieez","Continental, Mexican, Italian, North Indian, Chinese",400,"12midnight – 1am, 7am – 11am, 1pm – 12midnight...",NA,"https://www.zomato.com/hyderabad/munchieez-gachibowli"
"HealthBent","South Indian, Continental",400,"11:30am – 11:35pm (Mon-Sun)",NA,"https://www.zomato.com/hyderabad/healthbent-gachibowli"
"Hello Curry","North Indian, Biryani, South Indian",600,"9am – 3am (Mon-Sun)",NA,"https://www.zomato.com/hyderabad/hello-curry-gachibowli"
"Foodie Cage ","North Indian, Chinese",500,"12midnight – 1am, 12noon – 12midnight...",NA,"https://www.zomato.com/hyderabad/foodie-cage-gachibowli"
"Gokul Food Point","Street Food, Chinese, North Indian",250,"11am – 11pm (Mon-Sun)",NA,"https://www.zomato.com/hyderabad/gokul-food-point-gachibowli"
"Mealboys.com","North Indian",600,"10:30am – 1pm (Mon),10am – 1pm (Tue-Sun)",NA,"https://www.zomato.com/hyderabad/mealboys-com-gachibowli"
"King's Burger","Burger, Fast Food",350,"12noon – 12midnight (Mon-Fri),11am – 12midnight...",NA,"https://www.zomato.com/hyderabad/kings-burger-gachibowli"
"Just Bake","Bakery, Desserts",300,"10am – 10:30pm (Mon-Sun)",NA,"https://www.zomato.com/hyderabad/just-bake-gachibowli"
"Wraps and Wiches","Fast Food",300,"3:30pm – 6am (Mon-Sun)",NA,"https://www.zomato.com/hyderabad/wraps-and-wiches-gachibowli"
"The F District","North Indian, Chinese, Continental",800,"11am – 11pm (Mon-Sun)",NA,"https://www.zomato.com/hyderabad/the-f-district-gachibowli"
"Publick Restaurant","South Indian, Chinese, Continental, Mughlai",900,"12noon – 11pm (Mon-Sun)",NA,"https://www.zomato.com/hyderabad/publick-restaurant-gachibowli"
"Malgudi Kitchen","North Indian, Chinese, Seafood, Mughlai, Biryani",650,"11am – 11pm (Mon-Sat),Closed (Sun)",NA,"https://www.zomato.com/hyderabad/malgudi-kitchen-gachibowli"
"Queens Burger","Burger, Fast Food",250,"6pm – 10:30pm (Mon-Sun)",NA,"https://www.zomato.com/hyderabad/queens-burger-gachibowli"
"Bismi Food Court","Fast Food, Beverages",400,"24 Hours (Mon-Sun)",NA,"https://www.zomato.com/hyderabad/bismi-food-court-gachibowli"
"The Good Bowl","Asian, Biryani, North Indian",500,"10am – 1am (Mon-Sun)",NA,"https://www.zomato.com/hyderabad/the-good-bowl-1-gachibowli"
"YumYumDilli","North Indian, Desserts, Beverages",500,"8am – 11pm (Mon-Sun)",NA,"https://www.zomato.com/hyderabad/yumyumdilli-gachibowli"
"Holy Moly!","Street Food, Continental",300,"3:30pm – 12:30AM (Mon-Sun)",NA,"https://www.zomato.com/hyderabad/holy-moly-gachibowli"
"Noodle Bar","Chinese",300,"4:15pm – 12:45AM (Mon-Sun)",NA,"https://www.zomato.com/hyderabad/noodle-bar-2-gachibowli"
"Doughicious","Bakery",400,"9:30am – 10pm (Mon, Wed, Thu, Fri, Sat), 9am –...",NA,"https://www.zomato.com/hyderabad/doughicious-gachibowli"
"Shri Vaishnav Dhaba","North Indian",500,"11am – 11pm (Mon-Sun)",NA,"https://www.zomato.com/hyderabad/shri-vaishnav-dhaba-gachibowli"
"Swaddesh Restaurant","North Indian, Chinese",500,"12noon – 4pm, 7pm – 3am (Mon-Sun)","Trending This Week","https://www.zomato.com/hyderabad/swaddesh-restaurant-gachibowli"
"9GRILL","North Indian, Andhra, Chinese",650,"11:30am – 12midnight (Mon-Sun)",NA,"https://www.zomato.com/hyderabad/9grill-gachibowli"
"Chai Point","Beverages, Fast Food",300,"8am – 8pm (Mon-Sun)",NA,"https://www.zomato.com/hyderabad/chai-point-gachibowli"
"Magic Straw","Fast Food, Beverages",250,"12noon – 1am (Mon-Sun)",NA,"https://www.zomato.com/hyderabad/magic-straw-gachibowli"
"Bicha Reddy Sweets","Mithai",350,"8:30am – 10pm (Mon-Sun)",NA,"https://www.zomato.com/hyderabad/bicha-reddy-sweets-gachibowli"
"Sholay The BBQ Bike","BBQ, Fast Food",350,"5pm – 11pm (Mon-Sun)",NA,"https://www.zomato.com/hyderabad/sholay-the-bbq-bike-gachibowli"
"Zyng - Radisson Hyderabad Hitec City","Finger Food",1800,"11am – 11pm (Mon-Sun)",NA,"https://www.zomato.com/hyderabad/zyng-radisson-hyderabad-hitec-city-gachibowli"
"Indulge IceCream","Ice Cream",250,"10:30am – 12midnight (Mon-Sun)","Frozen Delights","https://www.zomato.com/hyderabad/indulge-icecream-gachibowli"
"Zomoz","Street Food",250,"5pm – 10pm (Mon-Sun)",NA,"https://www.zomato.com/hyderabad/zomoz-1-gachibowli"
"SkyNest","North Indian, Chinese, Street Food, Mithai",500,"6am – 12midnight (Mon-Sun)",NA,"https://www.zomato.com/hyderabad/skynest-gachibowli"
"Dosa Station","South Indian",150,"7:30am – 4am (Mon-Sun)",NA,"https://www.zomato.com/dosa-station-food-truck"
"Ishta Meals and Restaurant","North Indian, South Indian",400,"8am – 11pm (Mon-Sun)",NA,"https://www.zomato.com/hyderabad/ishta-meals-and-restaurant-gachibowli"
"For Heaven's Cake","Bakery",500,"10am – 11pm (Mon-Sun)",NA,"https://www.zomato.com/hyderabad/for-heavens-cake-gachibowli"
"Slounge - Lemon Tree Hotel","Finger Food",2200,"5:30pm – 12midnight (Mon-Sun)","Happy Hours","https://www.zomato.com/hyderabad/slounge-lemon-tree-hotel-gachibowli"
"Alhamdulillah Hotel","Mughlai, North Indian, Chinese",400,"11am – 3am (Mon-Sun)",NA,"https://www.zomato.com/hyderabad/alhamdulillah-hotel-gachibowli"
"Whatta Waffle!","Desserts",300,"12noon – 12midnight (Mon, Thu, Sun), 2pm –...",NA,"https://www.zomato.com/hyderabad/whatta-waffle-gachibowli"
"Train Trails","South Indian",250,"6pm – 4am (Mon-Sun)",NA,"https://www.zomato.com/hyderabad/train-trails-gachibowli"
"Jarlie Fine Desserts","Desserts",200,"10am – 10:45pm (Mon-Sun)",NA,"https://www.zomato.com/hyderabad/jarlie-fine-desserts-gachibowli"
"Tin Shed Restaurant","North Indian, Chinese",300,"12noon – 11pm (Mon-Fri),11am – 11pm (Sat-Sun)",NA,"https://www.zomato.com/hyderabad/tin-shed-restaurant-gachibowli"
"WOK Republic","Indonesian, Thai, Chinese, Japanese, Malaysian, Momos",550,"12noon – 10:30pm (Mon-Sun)",NA,"https://www.zomato.com/hyderabad/wok-republic-2-gachibowli"
"Bars N Bowls Restaurant","North Indian, Mughlai, Chinese",700,"11am – 11pm (Mon-Sun)",NA,"https://www.zomato.com/hyderabad/bars-n-bowls-restaurant-gachibowli"
"Kakatiya","Andhra, South Indian",850,"11am – 11pm (Mon-Sun)",NA,"https://www.zomato.com/hyderabad/kakatiya-gachibowli"
"The Rice Bar","South Indian",300,"11am – 2am (Mon-Sun)",NA,"https://www.zomato.com/hyderabad/the-rice-bar-gachibowli"
"Thalis of India","North Indian, South Indian, Desserts, Beverages",350,"8am – 11pm (Mon-Sun)",NA,"https://www.zomato.com/hyderabad/thalis-of-india-gachibowli"
"The English Cafe","Cafe, Continental, Chinese",1200,"12noon – 12midnight (Mon-Sun)","Food Hygiene Rated Restaurants in Hyderabad, Newly Opened","https://www.zomato.com/hyderabad/the-english-cafe-gachibowli"
"Lunar Bakers","Bakery, Desserts, Fast Food",400,"10:30am – 10:30pm (Mon-Sun)",NA,"https://www.zomato.com/hyderabad/bakers-inn-gachibowli"
"Hunger's Kitchen","North Indian, Fast Food, Biryani",400,"9am – 12midnight (Mon, Thu, Fri, Sat, Sun), 9am...",NA,"https://www.zomato.com/hyderabad/hungers-kitchen-gachibowli"
"Budmaash Biryani","Biryani, Hyderabadi, North Indian, Chinese",250,"7am – 2am (Mon-Sun)",NA,"https://www.zomato.com/hyderabad/budmaash-biryani-gachibowli"
"Alchemy Lounge - Ellaa Hotels","Mediterranean",1900,"12:30pm – 11pm (Mon-Sun)",NA,"https://www.zomato.com/hyderabad/alchemy-lounge-ellaa-hotels-gachibowli"
"The Lounge Bar- Hyatt Hyderabad Gachibowli","North Indian, Modern Indian, Finger Food",2500,"1am – 12:45AM (Mon-Sun)","Live Sports Screenings","https://www.zomato.com/hyderabad/the-lounge-bar-hyatt-hyderabad-gachibowli-gachibowli"
"Haku Sizzlers","Fast Food, Chinese",500,"11:45am – 4pm, 7pm – 11pm (Mon-Sun)",NA,"https://www.zomato.com/hyderabad/haku-sizzlers-gachibowli"
"Doner Bistro","Lebanese, Fast Food",300,"12noon – 2am (Mon-Sun)",NA,"https://www.zomato.com/hyderabad/doner-bistro-gachibowli"
"10 Pounder Pizzateria","Pizza, Fast Food",400,"12noon – 3am (Mon-Sun)",NA,"https://www.zomato.com/hyderabad/10-pounder-pizzateria-gachibowli"
"Grand Spicy Bawarchi","North Indian, Mughlai, Chinese, Seafood, Biryani",600,"11am – 12midnight (Mon-Sun)",NA,"https://www.zomato.com/hyderabad/grand-spicy-bawarchi-gachibowli"
"Udipi Sri Krishna Darshini","South Indian",200,"7am – 11pm (Mon-Sun)",NA,"https://www.zomato.com/hyderabad/udipi-sri-krishna-darshini-gachibowli"
"Jodhpur Wala's Food House","North Indian, Chinese",400,"11am – 4pm, 7pm – 11pm (Mon-Sun)",NA,"https://www.zomato.com/hyderabad/jodhpur-walas-food-house-gachibowli"
"Y9 Multicuisine Restaurant","South Indian, Chinese",500,"12midnight – 1am, 12:30pm – 12midnight (Mon-Sun)",NA,"https://www.zomato.com/hyderabad/y9-multicuisine-restaurant-gachibowli"
"SK Shawarma","Lebanese",350,"6pm – 6am (Mon-Sun)",NA,"https://www.zomato.com/hyderabad/sk-shawarma-gachibowli"
"Sha Sha - Shandaar Shawarma","Middle Eastern",200,"12noon – 1:30am (Mon-Sun)",NA,"https://www.zomato.com/hyderabad/sha-sha-shandaar-shawarma-gachibowli"
"Shake Studio","Beverages, Juices",400,"1pm – 3am (Mon-Sun)","Best Milkshakes","https://www.zomato.com/hyderabad/shake-studio-gachibowli"
"WAFL Café","Desserts, Fast Food, American, Beverages",400,"11am – 11pm (Mon-Fri),11am – 12midnight (Sat-Sun)","Food Hygiene Rated Restaurants in Hyderabad","https://www.zomato.com/hyderabad/wafl-café-gachibowli"
"Southern Express","Fast Food, Chinese",500,"11am – 11:30pm (Mon-Sun)",NA,"https://www.zomato.com/hyderabad/southern-express-gachibowli"
"Waffle and Co","Desserts, Bakery, Beverages",350,"11:30am – 11:30pm (Mon-Sun)",NA,"https://www.zomato.com/hyderabad/waffle-and-co-gachibowli"
"Ginger N Spices -Bengali Raanaghar","Bengali, North Indian, Chinese",400,"11am – 2am (Mon-Sun)",NA,"https://www.zomato.com/hyderabad/ginger-n-spices-bengali-raanaghar-gachibowli"
"YumYumSouth","South Indian, Beverages",600,"8am – 11pm (Mon-Sun)",NA,"https://www.zomato.com/hyderabad/yumyumsouth-gachibowli"
"Mani Chandana Restaurant","North Indian, Chinese",400,"12noon – 11pm (Mon-Sun)",NA,"https://www.zomato.com/hyderabad/mani-chandana-restaurant-gachibowli"
"Madurai Cafe","South Indian, Chinese",250,"12noon – 12midnight (Mon-Sun)",NA,"https://www.zomato.com/hyderabad/madurai-cafe-gachibowli"
"Frying Pan","Fast Food",350,"8am – 11pm (Mon-Sun)",NA,"https://www.zomato.com/hyderabad/frying-pan-1-gachibowli"
"Friends Foods","South Indian",200,"5:30pm – 11:30pm (Mon-Sun)",NA,"https://www.zomato.com/hyderabad/friends-foods-gachibowli"
"Zaika 29","North Indian, Chinese, Mughlai",350,"11:30am – 3:30pm, 7pm – 11pm (Mon-Sun)",NA,"https://www.zomato.com/hyderabad/zaika-29-gachibowli"
"Captain Smoothie","Beverages, Fast Food",500,"9am – 1am (Mon-Sun)",NA,"https://www.zomato.com/hyderabad/captain-smoothie-gachibowli"
"Food Cave","Chinese, North Indian",300,"5pm – 3:30am (Mon-Sun)",NA,"https://www.zomato.com/hyderabad/food-cave-gachibowli"
"Rayalaseema Traditional Foods","Andhra, South Indian",600,"10:30am – 3am (Mon-Sun)",NA,"https://www.zomato.com/hyderabad/rayalaseema-traditional-foods-gachibowli"
"Mucho Gusto","Continental, Fast Food, Italian",300,"1pm – 1am (Mon-Sun)",NA,"https://www.zomato.com/hyderabad/mucho-gusto-gachibowli"
"Italia - Ellaa Hotels","Italian",1500,"7:30pm – 11pm (Mon-Sun)",NA,"https://www.zomato.com/hyderabad/italia-ellaa-hotels-gachibowli"
"AutoExpress - Hot Dogs","Fast Food",300,"5:15pm – 9:15pm (Mon-Sun)",NA,"https://www.zomato.com/autoexpress-hot-dogs-3-food-tr"
"Palle Vantakallu","Biryani, Chinese",350,"10:30am – 3am (Mon-Sun)",NA,"https://www.zomato.com/hyderabad/palle-vantakallu-gachibowli"
"Pizza Crust","Pizza",200,"11am – 12midnight (Mon-Sun)",NA,"https://www.zomato.com/hyderabad/pizza-crust-gachibowli"
"Abu Xpress Shawarma","Arabian, Fast Food",300,"7am – 2am (Mon-Sun)",NA,"https://www.zomato.com/hyderabad/abu-xpress-shawarma-gachibowli"
"Minerva Xpress","South Indian",100,"7:30am – 1am (Mon-Sun)",NA,"https://www.zomato.com/hyderabad/minerva-xpress-1-gachibowli"
"Godavari Ruchulu","South Indian, Chinese",300,"7am – 4pm (Mon-Sun)",NA,"https://www.zomato.com/hyderabad/godavari-ruchulu-gachibowli"
"Food Resto","Fast Food",150,"11am – 12midnight (Mon-Sun)",NA,"https://www.zomato.com/hyderabad/food-resto-1-gachibowli"
"Desi Fusion","North Indian, Chinese",250,"10am – 11pm (Mon-Sun)",NA,"https://www.zomato.com/hyderabad/desi-fusion-gachibowli"
"Suraj Restaurant & Bar","North Indian, Chinese",1000,"11am – 11pm (Mon-Sun)",NA,"https://www.zomato.com/hyderabad/suraj-restaurant-bar-gachibowli"
"Chicken Wala","North Indian, Mughlai, Chinese",350,"11am – 3am (Mon-Sun)",NA,"https://www.zomato.com/hyderabad/chicken-wala-gachibowli"
"Beats & Roots","North Indian",450,"12noon – 2am (Mon-Sun)",NA,"https://www.zomato.com/hyderabad/beats-roots-gachibowli"
"The Rolling Stoves","Chinese, North Indian",400,"11am – 11pm (Mon-Sun)",NA,"https://www.zomato.com/hyderabad/the-rolling-stoves-gachibowli"
"Kokkorokko","South Indian, Chinese",300,"6:30am – 12midnight (Mon-Sun)","Food Hygiene Rated Restaurants in Hyderabad","https://www.zomato.com/hyderabad/kokkorokko-gachibowli"
"Shtuff","Chinese, Mexican",400,"12noon – 2:30am (Mon-Sun)",NA,"https://www.zomato.com/shtuff"
"Annapurna Restaurant","North Indian, Chinese",500,"11am – 12midnight (Mon-Sun)",NA,"https://www.zomato.com/hyderabad/annapurna-restaurant-1-gachibowli"
"Punjab Express","North Indian",300,"11:30am – 12midnight (Mon-Sun)",NA,"https://www.zomato.com/hyderabad/punjab-express-gachibowli"
"DesiFry","North Indian",200,"11am – 11pm (Mon-Sun)",NA,"https://www.zomato.com/hyderabad/desifry-gachibowli"
"Baskin Robbins","Desserts, Ice Cream, Beverages",300,"11am – 11pm (Mon-Sun)",NA,"https://www.zomato.com/hyderabad/baskin-robbins-1-gachibowli"
"Deli-ciosa","Desserts, Bakery",250,"9:30am – 10:30pm (Mon-Sun)","Food Hygiene Rated Restaurants in Hyderabad","https://www.zomato.com/hyderabad/deli-ciosa-gachibowli"
"Hyderabad Darbar","Hyderabadi, Chinese",750,"10am – 11pm (Mon-Sun)",NA,"https://www.zomato.com/hyderabad/hyderabad-darbar-gachibowli"
"Swagatam","North Indian, Chinese",500,"11am – 11pm (Mon-Sun)",NA,"https://www.zomato.com/hyderabad/swagatam-gachibowli"
"Lassi Shop","Beverages, Sandwich",150,"1pm – 11pm (Mon-Sun)",NA,"https://www.zomato.com/hyderabad/lassi-shop-1-gachibowli"
"Jaggi De Parathe","North Indian, Chinese",550,"12noon – 4pm, 7pm – 11pm (Mon-Sun)",NA,"https://www.zomato.com/hyderabad/jaggi-de-parathe-gachibowli"
"Food U","Beverages, Juices",300,"8am – 10:30pm (Mon-Sun)",NA,"https://www.zomato.com/hyderabad/food-u-gachibowli"
"Punjabi Affair","North Indian, Chinese, Mughlai",800,"12noon – 6pm, 7pm – 11pm (Mon-Sun)",NA,"https://www.zomato.com/hyderabad/punjabi-affair-1-gachibowli"
"Kitchen Garden","North Indian",350,"2pm – 12midnight (Mon-Sun)",NA,"https://www.zomato.com/hyderabad/kitchen-garden-gachibowli"
"Kebab Pavilion - Ellaa Hotels","Hyderabadi, Mughlai",1200,"11am – 11pm (Mon-Sun)",NA,"https://www.zomato.com/hyderabad/kebab-pavilion-ellaa-hotels-gachibowli"
"Waffled","Desserts, Beverages",200,"12noon – 2am (Mon-Sun)",NA,"https://www.zomato.com/hyderabad/waffled-gachibowli"
"Bellyful","Chinese, Andhra, North Indian",400,"11am – 1am (Mon-Sun)",NA,"https://www.zomato.com/hyderabad/bellyful-gachibowli"
"Areen Kababs And Grill","Kebab, Biryani, North Indian, Mughlai",500,"12noon – 11pm (Mon-Sun)",NA,"https://www.zomato.com/hyderabad/areen-kababs-and-grill-gachibowli"
"Roll Zone","Fast Food, Rolls",200,"11am – 10:30pm (Mon-Sun)",NA,"https://www.zomato.com/hyderabad/roll-zone-1-gachibowli"
"Bombay Sandwich Company","Sandwich, Desserts, Beverages",400,"8am – 11pm (Mon-Sun)",NA,"https://www.zomato.com/hyderabad/bombay-sandwich-company-gachibowli"
"Baguette Salads","Salad, Healthy Food, Beverages",500,"9am – 11pm (Mon-Sun)",NA,"https://www.zomato.com/hyderabad/baguette-salads-gachibowli"
"Orange Foods","South Indian, North Indian, Chinese",300,"10:30am – 3am (Mon-Sun)",NA,"https://www.zomato.com/hyderabad/orange-foods-1-gachibowli"
"Al-Araab8 Biryani's & Mandi","North Indian, Chinese",500,"11am – 11pm (Mon-Sun)",NA,"https://www.zomato.com/hyderabad/al-araab8-biryanis-mandi-gachibowli"
"Seven Hills Delhi Chaat","Street Food",150,"3pm – 9:30pm (Mon-Sun)",NA,"https://www.zomato.com/hyderabad/seven-hills-delhi-chaat-gachibowli"
"Oye Punjabi","North Indian",200,"11am – 11pm (Mon-Sun)",NA,"https://www.zomato.com/hyderabad/oye-punjabi-gachibowli"
"Exit No 1 Drive in Restaurant","South Indian, North Indian, Chinese, Fast Food",300,"12:30pm – 12midnight (Mon-Sun)",NA,"https://www.zomato.com/hyderabad/exit-no-1-drive-in-restaurant-1-gachibowli"
"Taste of Godavari","South Indian",300,"7am – 11pm (Mon-Sun)",NA,"https://www.zomato.com/taste-of-godavari-food-truck"
"Leaf Green Hotel","North Indian, Chinese",200,"12noon – 12midnight (Mon-Sun)",NA,"https://www.zomato.com/hyderabad/leaf-green-hotel-gachibowli"
"Mehraan Restaurant and Banquets","Chinese, Arabian, Kebab",500,"12noon – 1am (Mon-Sun)",NA,"https://www.zomato.com/hyderabad/mehraan-restaurant-and-banquets-gachibowli"
"Woks & Tongs","Chinese",700,"11:30am – 12midnight (Mon-Sun)",NA,"https://www.zomato.com/hyderabad/woks-tongs-gachibowli"
"Salty Pepper","North Indian, Chinese",250,"12noon – 3:30pm (Mon),11am – 1am (Tue-Sun)",NA,"https://www.zomato.com/hyderabad/salty-pepper-1-gachibowli"
"Greens & More","Healthy Food",400,"8am – 7pm (Mon-Sun)",NA,"https://www.zomato.com/hyderabad/greens-more-gachibowli"
"Maharaja Hotel","North Indian, Mughlai",500,"12noon – 4pm, 7pm – 2am (Mon-Sun)",NA,"https://www.zomato.com/hyderabad/maharaja-hotel-gachibowli"
"Game Of Kitchens","North Indian, South Indian, Biryani, Chinese",250,"11am – 3am (Mon-Sun)",NA,"https://www.zomato.com/hyderabad/game-of-kitchens-gachibowli"
"Jitus Kitchen & Dine","Chettinad",300,"11am – 11pm (Mon-Sun)",NA,"https://www.zomato.com/hyderabad/jitus-kitchen-dine-gachibowli"
"Jumboking VadaPav","Street Food",200,"11:55am – 12midnight (Mon-Fri),11:15am –...",NA,"https://www.zomato.com/hyderabad/jumboking-vadapav-gachibowli"
"24/7 Shawarma And Migge More","Fast Food, Lebanese",200,"12noon – 3am (Mon-Sun)",NA,"https://www.zomato.com/hyderabad/24-7-shawarma-and-migge-more-gachibowli"
"Lassi Corner","Beverages, Desserts, Fast Food",200,"12noon – 2am (Mon-Sun)",NA,"https://www.zomato.com/hyderabad/lassi-corner-1-gachibowli"
"World In A Bowl","Continental, American, Italian, Salad, North Indian, Desserts, Beverages",500,"8am – 11pm (Mon-Sun)",NA,"https://www.zomato.com/hyderabad/world-in-a-bowl-gachibowli"
"Golden Flames","North Indian, Chinese, Continental",700,"10am – 11pm (Mon-Sun)",NA,"https://www.zomato.com/hyderabad/golden-flames-gachibowli"
"New York Slice","Pizza, Beverages",500,"11am – 12midnight (Mon-Sun)",NA,"https://www.zomato.com/hyderabad/new-york-slice-gachibowli"
"INDULGE by InnerChef","Desserts, Bakery, Ice Cream",400,"8am – 11pm (Mon-Sun)",NA,"https://www.zomato.com/hyderabad/indulge-by-innerchef-gachibowli"
"D-Lite Frankie","Rolls",150,"12noon – 10pm (Mon-Sun)",NA,"https://www.zomato.com/hyderabad/d-lite-frankie-gachibowli"
"Gappe Vappe","Street Food",250,"2pm – 10pm (Mon-Fri),12noon – 12midnight (Sat-Sun)",NA,"https://www.zomato.com/hyderabad/gappe-vappe-gachibowli"
"Dhaba Shaba","North Indian, Chinese",650,"11am – 2am (Mon-Sun)",NA,"https://www.zomato.com/hyderabad/dhaba-shaba-gachibowli"
"Far East Asia","Chinese, Thai, Asian, Sri Lankan, Momos",500,"11:30am – 12midnight (Mon-Sun)",NA,"https://www.zomato.com/hyderabad/far-east-asia-gachibowli"
"Alforno","Fast Food, Italian, Pizza",500,"11am – 2am (Mon-Sun)",NA,"https://www.zomato.com/hyderabad/alforno-gachibowli"
"Rocks - Ellaa Hotels","Finger Food, North Indian, South Indian",1600,"11am – 11pm (Mon-Sun)",NA,"https://www.zomato.com/hyderabad/rocks-ellaa-hotels-gachibowli"
"Sri Nellore Mess","Andhra",200,"12noon – 4pm, 8pm – 12midnight (Mon-Sun)",NA,"https://www.zomato.com/hyderabad/sri-nellore-mess-gachibowli"
"Tasty Grand Paradise","Chinese, North Indian, Biryani",500,"11:30am – 11:30pm (Mon-Sun)",NA,"https://www.zomato.com/hyderabad/tasty-grand-paradise-gachibowli"
"Plate Home","North Indian, South Indian, Chinese",300,"11am – 3:30am (Mon-Sun)",NA,"https://www.zomato.com/hyderabad/plate-home-gachibowli"
"Swadisht Biryani And Paratha","North Indian, Hyderabadi, Fast Food",400,"11:30am – 1:30am (Mon-Sun)",NA,"https://www.zomato.com/hyderabad/swadisht-biryani-and-paratha-gachibowli"
"Healthy Wealthy.co","Healthy Food, Continental",550,"7am – 3am (Mon-Sun)",NA,"https://www.zomato.com/hyderabad/healthy-wealthy-co-gachibowli"
"Flavorz","Healthy Food",350,"11am – 11pm (Mon-Sun)",NA,"https://www.zomato.com/hyderabad/flavorz-gachibowli"
"The Gacchi Bowl","North Indian, Kebab, Biryani, Hyderabadi, Mughlai",500,"12noon – 3pm, 7:30pm – 12:30AM (Mon-Sun)",NA,"https://www.zomato.com/hyderabad/the-gacchi-bowl-gachibowli"
"Bamboo Street","North Indian, Chinese",1200,"12noon – 12midnight (Mon-Fri),12midnight – 1am...",NA,"https://www.zomato.com/hyderabad/bamboo-street-gachibowli"
"Anu's Kitchen","North Indian, Chinese",250,"12noon – 11pm (Mon-Sun)",NA,"https://www.zomato.com/hyderabad/anus-kitchen-gachibowli"
"7 Eleven","North Indian, Chinese",800,"7am – 12midnight (Mon-Sun)",NA,"https://www.zomato.com/hyderabad/7-eleven-gachibowli"
"De Bohemian Cafe","Fast Food, Desserts, Beverages",400,"11:30am – 11pm (Mon-Fri),11:30am – 11:30pm...",NA,"https://www.zomato.com/hyderabad/de-bohemian-cafe-gachibowli"
"BBQ Ride","BBQ",200,"7pm – 10pm (Mon-Sun)",NA,"https://www.zomato.com/bbq-ride-food-truck"
"King Of Thickshakes","Beverages",300,"11am – 10pm (Mon-Sun)",NA,"https://www.zomato.com/hyderabad/king-of-thickshakes-gachibowli"
"Aaswada","South Indian",500,"11am – 3pm, 6pm – 11pm (Mon-Sun)",NA,"https://www.zomato.com/hyderabad/aaswada-gachibowli"
"Chinese Aroma","Chinese, North Indian, Fast Food",600,"12noon – 12midnight (Mon-Sun)",NA,"https://www.zomato.com/hyderabad/chinese-aroma-gachibowli"
"I Was ( Waffles & Shake ) Here","Desserts, Beverages",200,"12noon – 2am (Mon-Sun)",NA,"https://www.zomato.com/hyderabad/i-was-waffles-shake-here-gachibowli"
"Shah Ghouse Pantry","Beverages, Desserts, Ice Cream",300,"11am – 9pm (Mon-Sun)",NA,"https://www.zomato.com/hyderabad/shah-ghouse-pantry-gachibowli"
"Akhil Chinese Fast Food Centre","Chinese",200,"12noon – 11pm (Mon-Sun)",NA,"https://www.zomato.com/hyderabad/akhil-chinese-fast-food-centre-gachibowli"
"Fire Blast Biryanis","South Indian, Biryani",350,"11am – 2am (Mon-Sun)",NA,"https://www.zomato.com/hyderabad/fire-blast-biryanis-gachibowli"
"Roaming Hunger","South Indian",150,"6:30pm – 11pm (Mon-Sat),Closed (Sun)",NA,"https://www.zomato.com/roaming-hunger-1-food-truck"
"Maadhuryam","South Indian, North Indian",200,"7am – 3:30pm, 7pm – 4am (Mon-Sun)",NA,"https://www.zomato.com/hyderabad/maadhuryam-gachibowli"
"9th Food Shawarma & Biryani House","Arabian",400,"Closed (Mon),6:30pm – 1am (Tue-Sun)",NA,"https://www.zomato.com/hyderabad/9th-food-shawarma-biryani-house-gachibowli"
"N2 Lounge & Sports Bar","Continental, Chinese, North Indian",1000,"10am – 12midnight (Mon, Tue, Wed, Thu, Sun), 10am...",NA,"https://www.zomato.com/hyderabad/n2-lounge-sports-bar-gachibowli"
"Drunken Monkey","Juices, Healthy Food",400,"8am – 1am (Mon-Sun)",NA,"https://www.zomato.com/hyderabad/drunken-monkey-gachibowli"
"Plabo","Fast Food, Chinese",500,"11am – 9pm (Mon-Sun)",NA,"https://www.zomato.com/hyderabad/plabo-gachibowli"
"Wokstars","Asian, Healthy Food",400,"12noon – 3am (Mon-Sun)",NA,"https://www.zomato.com/hyderabad/wokstars-gachibowli"
"Sippy Monks","Beverages",150,"11am – 12midnight (Mon-Sun)",NA,"https://www.zomato.com/hyderabad/sippy-monks-gachibowli"
"Maha Lakshmi Kitchen","North Indian, Biryani",400,"11am – 4am (Mon-Sat),Closed (Sun)",NA,"https://www.zomato.com/hyderabad/maha-lakshmi-kitchen-gachibowli"
"Haleem By Cafe 555","Hyderabadi",400,"4pm – 1am (Mon-Sun)",NA,"https://www.zomato.com/hyderabad/haleem-by-cafe-555-gachibowli"
"Fuv Kitchen","North Indian, Continental",300,"10:30am – 1:30am (Mon-Sun)",NA,"https://www.zomato.com/hyderabad/fuv-kitchen-2-gachibowli"
"Cone Pizza","Fast Food",250,"3pm – 2am (Mon-Sun)",NA,"https://www.zomato.com/hyderabad/cone-pizza-gachibowli"
"Cool Sip Juices & More","Beverages, Juices",150,"11am – 11pm (Mon-Sun)",NA,"https://www.zomato.com/hyderabad/cool-sip-juices-more-gachibowli"
"Aroma Multicusine Restaurant","North Indian, Biryani, Continental, Chinese",1300,"8am – 11pm (Mon-Sun)",NA,"https://www.zomato.com/hyderabad/aroma-multicusine-restaurant-gachibowli"
"Milap Foodies","Street Food",300,"6pm – 5am (Mon-Sun)",NA,"https://www.zomato.com/hyderabad/milap-foodies-gachibowli"
"Cabrito Al Mataam","Hyderabadi, Seafood",500,"12noon – 1am (Mon-Sun)",NA,"https://www.zomato.com/hyderabad/cabrito-al-mataam-gachibowli"
"Kitchens Of Rajdoot","North Indian, Chinese",300,"6pm – 4am (Mon-Sun)",NA,"https://www.zomato.com/hyderabad/kitchens-of-rajdoot-gachibowli"
"Food Wizard","Fast Food, Sandwich, Burger, Rolls, Beverages",200,"12noon – 12midnight (Mon-Sun)",NA,"https://www.zomato.com/hyderabad/food-wizard-gachibowli"
"Hungry Souls Shawarmas","Fast Food, Lebanese",300,"11am – 2am (Mon-Sun)",NA,"https://www.zomato.com/hyderabad/hungry-souls-shawarmas-gachibowli"
"Delicio Taco Truck","Mexican",250,"5pm – 12:45AM (Mon-Sat),Closed (Sun)",NA,"https://www.zomato.com/delicio-taco-truck-food-truck"
"Flames & Pots","Chinese, North Indian, Biryani",300,"12noon – 11pm (Mon-Sun)",NA,"https://www.zomato.com/hyderabad/flames-pots-gachibowli"
"The Burger Studio","Burger, Fast Food, North Indian, Mughlai",350,"11am – 12midnight (Mon-Sat),Closed (Sun)",NA,"https://www.zomato.com/hyderabad/the-burger-studio-1-gachibowli"
"Mr. Milkshake","Beverages",250,"1pm – 1am (Mon-Sun)",NA,"https://www.zomato.com/hyderabad/mr-milkshake-gachibowli"
"Jai Bhavani  Tiffin Centre","Chinese",250,"10am – 10:30pm (Mon-Sun)",NA,"https://www.zomato.com/hyderabad/jai-bhavani-tiffin-centre-gachibowli"
"HungrySpoon - Radisson Hyderabad Hitec City","North Indian, Continental",800,"11am – 12midnight (Mon-Sun)",NA,"https://www.zomato.com/hyderabad/hungryspoon-radisson-hyderabad-hitec-city-gachibowli"
"Express Shawarma","Lebanese, Rolls",200,"12noon – 12midnight (Mon-Sun)",NA,"https://www.zomato.com/hyderabad/express-shawarma-gachibowli"
"Hanu Kings Burger","Fast Food",400,"10am – 12midnight (Mon-Sun)",NA,"https://www.zomato.com/hyderabad/hanu-kings-burger-gachibowli"
"Velocity On 15 - Radisson Hyderabad Hitec City","North Indian, Finger Food, Fast Food",1500,"5pm – 11:30pm (Mon-Sun)",NA,"https://www.zomato.com/hyderabad/velocity-on-15-radisson-hyderabad-hitec-city-gachibowli"
"Maggis & Momos","Fast Food",200,"10am – 2am (Mon, Sat, Sun), 11am – 2am (Tue-Fri)",NA,"https://www.zomato.com/hyderabad/maggis-momos-gachibowli"
"Nourish","Beverages, Juices, Fast Food",200,"11am – 11pm (Mon-Sun)",NA,"https://www.zomato.com/hyderabad/nourish-gachibowli"
"Samosa Express","Street Food",150,"12noon – 11pm (Mon-Sun)",NA,"https://www.zomato.com/hyderabad/samosa-express-1-gachibowli"
"Maa Vuri Ruchulu","North Indian",500,"6pm – 4am (Mon-Sun)",NA,"https://www.zomato.com/hyderabad/maa-vuri-ruchulu-gachibowli"
"Chef Bakers","Bakery, Fast Food",350,"11am – 11pm (Mon-Sun)",NA,"https://www.zomato.com/hyderabad/chef-bakers-gachibowli"
"TAG- Chinese Wok","Chinese",400,"11am – 2am (Mon-Sun)",NA,"https://www.zomato.com/hyderabad/tag-chinese-wok-gachibowli"
"Dil Chatora","Street Food, Fast Food",350,"12:30pm – 10pm (Mon-Sun)",NA,"https://www.zomato.com/hyderabad/dil-chatora-1-gachibowli"
"Cook Manager","Chinese, North Indian, South Indian",600,"11am – 11pm (Mon-Sun)","Food Hygiene Rated Restaurants in Hyderabad","https://www.zomato.com/hyderabad/cook-manager-gachibowli"
"South Indian Kitchen","South Indian, Hyderabadi",300,"12noon – 2am (Mon-Sun)",NA,"https://www.zomato.com/hyderabad/south-indian-kitchen-gachibowli"
"Alleppey Restaurant","South Indian, Kerala",200,"12noon – 10:30pm (Mon-Sun)",NA,"https://www.zomato.com/hyderabad/alleppey-restaurant-gachibowli"
"Al-Labbaik Shawarma","Arabian",200,"1pm – 11pm (Mon-Sun)",NA,"https://www.zomato.com/hyderabad/al-labbaik-shawarma-gachibowli"
"Cheesy Days","Fast Food",150,"4pm – 1am (Mon-Sun)",NA,"https://www.zomato.com/hyderabad/cheesy-days-1-gachibowli"
"Khatta Meetha Chaat","Street Food",200,"7:30am – 1am (Mon-Sun)",NA,"https://www.zomato.com/hyderabad/khatta-meetha-chaat-gachibowli"
"Tiffins Square","South Indian",500,"11am – 2am (Mon-Sun)",NA,"https://www.zomato.com/hyderabad/tiffins-square-gachibowli"
"Kwality Wall's Swirl's","Ice Cream, Desserts",250,"11am – 10pm (Mon-Sun)",NA,"https://www.zomato.com/hyderabad/kwality-walls-swirls-gachibowli"
"Thanco's Natural Ice Cream","Desserts, Ice Cream",300,"11am – 1am (Mon-Sun)",NA,"https://www.zomato.com/hyderabad/thancos-natural-ice-cream-gachibowli"
"Brown Bear","Bakery, Desserts",150,"9am – 10pm (Mon-Sun)",NA,"https://www.zomato.com/hyderabad/brown-bear-gachibowli"
"Renuka Snax Bar","Fast Food",300,"7am – 11pm (Mon-Sun)",NA,"https://www.zomato.com/hyderabad/renuka-snax-bar-gachibowli"
"Harries Kitchen","Fast Food, Beverages, Juices, Sandwich",200,"11am – 2am (Mon-Sun)",NA,"https://www.zomato.com/hyderabad/harries-kitchen-gachibowli"
"Chotemiyan Kebabs","Kebab, North Indian",400,"5pm – 2am (Mon-Sun)",NA,"https://www.zomato.com/hyderabad/chotemiyan-kebabs-gachibowli"
"Nimantran","Bengali",250,"6am – 10:30pm (Mon-Sun)",NA,"https://www.zomato.com/hyderabad/nimantran-gachibowli"
"L House (Kebab & More)","North Indian",300,"Closed (Mon),6pm – 12midnight (Tue-Sun)",NA,"https://www.zomato.com/hyderabad/l-house-kebab-more-gachibowli"
"Madras Coffee House","Street Food, Beverages",100,"6am – 11pm (Mon-Sun)",NA,"https://www.zomato.com/hyderabad/madras-coffee-house-gachibowli"
"Makers of Milkshakes","Beverages, Desserts",300,"12noon – 12midnight (Mon-Sun)",NA,"https://www.zomato.com/hyderabad/makers-of-milkshakes-3-gachibowli"
"Pulse Juice Bar","Beverages, Juices",150,"11am – 11:30pm (Mon-Sun)",NA,"https://www.zomato.com/hyderabad/pulse-juice-bar-gachibowli"
"Singh Saab","North Indian, Biryani",600,"11am – 1am (Mon-Sun)",NA,"https://www.zomato.com/hyderabad/singh-saab-1-gachibowli"
"Biryani Bowl","North Indian, Biryani, Chinese",650,"12noon – 12midnight (Mon-Sun)",NA,"https://www.zomato.com/hyderabad/biryani-bowl-gachibowli"
"The Chaiwalas","Street Food",100,"24 Hours (Mon-Sun)",NA,"https://www.zomato.com/hyderabad/the-chaiwalas-gachibowli"
"Sweet Magic Sweets","Mithai, Fast Food",300,"11am – 11pm (Mon-Sun)",NA,"https://www.zomato.com/hyderabad/sweet-magic-sweets-gachibowli"
"Fuel Factory","Beverages, Fast Food, Desserts",400,"11am – 11pm (Mon-Sun)",NA,"https://www.zomato.com/hyderabad/fuel-factory-gachibowli"
"Little China Kitchen","Chinese",400,"11am – 11:30pm (Mon-Tue),11:22am – 11:40pm...",NA,"https://www.zomato.com/hyderabad/little-china-kitchen-gachibowli"
"Shanghai Club","Chinese, North Indian, Biryani",500,"12noon – 2am (Mon-Sun)",NA,"https://www.zomato.com/hyderabad/shanghai-club-gachibowli"
"SSP Kitchen & Dosa Station","South Indian, North Indian, Chinese",550,"7pm – 3am (Mon-Sun)",NA,"https://www.zomato.com/hyderabad/ssp-kitchen-dosa-station-gachibowli"
"KGN food court","Chinese, North Indian",250,"12noon – 3am (Mon-Sun)",NA,"https://www.zomato.com/hyderabad/kgn-food-court-gachibowli"
"Mexico's Chicken Poppers","Fast Food",400,"11am – 11pm (Mon-Sun)",NA,"https://www.zomato.com/hyderabad/mexicos-chicken-poppers-2-gachibowli"
"R K Chinese Fast Food","Chinese",150,"8am – 10:30pm (Mon-Sun)",NA,"https://www.zomato.com/hyderabad/r-k-chinese-fast-food-gachibowli"
"Cake world","Bakery",550,"10am – 2am (Mon-Sun)",NA,"https://www.zomato.com/hyderabad/cake-world-gachibowli"
"Cold N Creamy Shakes","Desserts, Ice Cream",200,"11am – 12midnight (Mon-Sun)",NA,"https://www.zomato.com/hyderabad/cold-n-creamy-shakes-gachibowli"
"Sanjos Donuts","Desserts",400,"9am – 3am (Mon-Sun)",NA,"https://www.zomato.com/hyderabad/sanjos-donuts-gachibowli"
"Tropical Chinese","Biryani, North Indian, Fast Food",550,"6pm – 4am (Mon-Sun)",NA,"https://www.zomato.com/hyderabad/tropical-chinese-gachibowli"
"Vegetarian Point","South Indian, Fast Food",300,"11am – 3am (Mon-Sun)",NA,"https://www.zomato.com/hyderabad/vegetarian-point-gachibowli"
"Ya Shawarma Stop and Arabian Delight","Lebanese, Arabian",300,"2pm – 11pm (Mon-Sun)",NA,"https://www.zomato.com/hyderabad/ya-shawarma-stop-and-arabian-delight-gachibowli"
"Ice Factory","Ice Cream",150,"12noon – 3am (Mon-Sun)",NA,"https://www.zomato.com/hyderabad/ice-factory-gachibowli"
"Smoky Pitara Takeaway","Continental, Italian, Chinese",1000,"12noon – 2am (Mon-Sun)",NA,"https://www.zomato.com/hyderabad/smoky-pitara-takeaway-gachibowli"
"Josh Restaurant","Fast Food, Beverages",250,"12midnight – 2am, 4pm – 12midnight (Mon-Sun)",NA,"https://www.zomato.com/hyderabad/josh-restaurant-gachibowli"
"Khaanaghar","North Indian, Chinese",300,"12noon – 3pm, 7pm – 3am (Mon-Sun)",NA,"https://www.zomato.com/hyderabad/khaanaghar-gachibowli"
"Babai Abbai","South Indian, North Indian, Seafood, Chinese",600,"12noon – 4pm, 7pm – 11pm (Mon-Sun)",NA,"https://www.zomato.com/hyderabad/babai-abbai-gachibowli"
"Frigid Zone","Beverages, Desserts",250,"11:30am – 11:30pm (Mon-Sun)",NA,"https://www.zomato.com/hyderabad/frigid-zone-gachibowli"
"The Frankey House","North Indian, Chinese",200,"11am – 11pm (Mon-Sun)",NA,"https://www.zomato.com/hyderabad/the-frankey-house-gachibowli"
"Dairy Den","Ice Cream, Desserts, Fast Food",250,"11am – 11pm (Mon-Sun)",NA,"https://www.zomato.com/hyderabad/dairy-den-gachibowli"
"Grill n Fire","Chinese, North Indian, Seafood, Biryani",400,"12noon – 12midnight (Mon-Sun)",NA,"https://www.zomato.com/hyderabad/grill-n-fire-gachibowli"
"Hashtag Biryani","Biryani",200,"11am – 11pm (Mon-Sun)",NA,"https://www.zomato.com/hyderabad/hashtag-biryani-gachibowli"
"Sky Secrets","North Indian, Chinese",750,"11am – 11pm (Mon-Sun)",NA,"https://www.zomato.com/hyderabad/sky-secrets-gachibowli"
"Kothakota","North Indian, Hyderabadi",600,"11am – 2am (Mon-Sun)",NA,"https://www.zomato.com/hyderabad/kothakota-gachibowli"
"Chef House","North Indian, South Indian, Chinese, Continental",600,"11am – 1am (Mon-Sun)",NA,"https://www.zomato.com/hyderabad/chef-house-gachibowli"
"Food Factory","North Indian, Biryani, Chinese",500,"6pm – 4am (Mon-Sun)",NA,"https://www.zomato.com/hyderabad/food-factory-gachibowli"
"It's Cakery","Bakery",200,"12noon – 12midnight (Mon-Sun)",NA,"https://www.zomato.com/its-cakery"
"Asian Kitchen","Andhra, South Indian, Chinese",700,"11am – 11pm (Mon-Sun)",NA,"https://www.zomato.com/hyderabad/asian-kitchen-gachibowli"
"Babai Pulao","Street Food, North Indian, Hyderabadi",450,"11am – 2am (Mon-Sun)",NA,"https://www.zomato.com/hyderabad/babai-pulao-gachibowli"
"JoosVoos","Juices",200,"3pm – 12midnight (Mon-Sun)",NA,"https://www.zomato.com/hyderabad/joosvoos-gachibowli"
"Coastal Kitchen","South Indian, Seafood, North Indian, Chinese",500,"12noon – 11pm (Mon-Sun)",NA,"https://www.zomato.com/hyderabad/coastal-kitchen-gachibowli"
"What the Food","South Indian",100,"5pm – 10pm (Mon-Sun)",NA,"https://www.zomato.com/hyderabad/what-the-food-2-gachibowli"
"Sri Venkateswara Tiffins & Meals","South Indian, North Indian",100,"8am – 11pm (Mon-Sun)",NA,"https://www.zomato.com/hyderabad/sri-venkateswara-tiffins-meals-gachibowli"
"Lunch Box","South Indian, North Indian, Biryani",350,"6am – 11pm (Mon-Sun)",NA,"https://www.zomato.com/hyderabad/lunch-box-gachibowli"
"Chai Raja","Tea, Sandwich",250,"8am – 1am (Mon-Sun)",NA,"https://www.zomato.com/hyderabad/chai-raja-gachibowli"
"Happy Foods","Biryani, North Indian",600,"24 Hours (Mon-Sun)",NA,"https://www.zomato.com/hyderabad/happy-foods-gachibowli"
"Lassi Day Cafe","Beverages",150,"10am – 10pm (Mon-Sun)",NA,"https://www.zomato.com/hyderabad/lassi-day-cafe-gachibowli"
"US Pizza","Pizza, Fast Food",800,"11am – 10pm (Mon-Sun)",NA,"https://www.zomato.com/hyderabad/us-pizza-4-gachibowli"
"The Heaven Of Chinese","Chinese",300,"12noon – 3:30pm, 7pm – 3:30am (Mon-Sun)",NA,"https://www.zomato.com/hyderabad/the-heaven-of-chinese-gachibowli"
"Steam Station","Street Food, Momos",200,"8am – 1am (Mon-Sun)",NA,"https://www.zomato.com/hyderabad/steam-station-gachibowli"
"Gran Barbeque","Fast Food, BBQ",300,"11am – 2am (Mon-Sun)",NA,"https://www.zomato.com/hyderabad/gran-barbeque-gachibowli"
"Backyard Food Co.","North Indian, Street Food",400,"2:30pm – 11pm (Mon-Sun)",NA,"https://www.zomato.com/hyderabad/backyard-food-co-1-gachibowli"
"Sri Santosh Family Dhaba","North Indian",400,"10am – 12midnight (Mon-Sun)",NA,"https://www.zomato.com/hyderabad/sri-santosh-family-dhaba-gachibowli"
"Veeraj Restaurant","Andhra, Chinese",800,"8am – 10:30pm (Mon-Sun)",NA,"https://www.zomato.com/hyderabad/veeraj-restaurant-gachibowli"
"Qurioseaty","South Indian",200,"12noon – 11pm (Mon-Sun)",NA,"https://www.zomato.com/hyderabad/qurioseaty-gachibowli"
"Shotz 52","Beverages, Healthy Food",300,"11am – 12midnight (Mon-Sat),Closed (Sun)",NA,"https://www.zomato.com/hyderabad/shotz-52-gachibowli"
"Southern Chefs","South Indian, North Indian, Chinese",800,"7:30am – 12midnight (Mon-Sun)",NA,"https://www.zomato.com/hyderabad/southern-chefs-gachibowli"
"Sri Sai Lokanth","North Indian, Chinese",200,"6am – 10:30pm (Mon-Sun)",NA,"https://www.zomato.com/hyderabad/sri-sai-lokanth-gachibowli"
"Laziz Food Court","North Indian",350,"12midnight – 3am, 10am – 12midnight (Mon, Wed...",NA,"https://www.zomato.com/hyderabad/laziz-food-court-gachibowli"
"Shakes & More","Beverages",200,"1pm – 3am (Mon-Sun)",NA,"https://www.zomato.com/hyderabad/shakes-more-gachibowli"
"Rasavat","North Indian",200,"12noon – 11pm (Mon-Sun)",NA,"https://www.zomato.com/hyderabad/rasavat-gachibowli"
"Little Hut Shawarma And Shakes","Lebanese, Beverages",300,"11am – 11pm (Mon-Sun)",NA,"https://www.zomato.com/hyderabad/little-hut-shawarma-and-shakes-gachibowli"
"Chai Factory","Tea, Beverages, Street Food",200,"12noon – 11pm (Mon-Sun)",NA,"https://www.zomato.com/hyderabad/chai-factory-gachibowli"
"Grand Corner Bakers","Bakery, Desserts",350,"11am – 3am (Mon-Sun)",NA,"https://www.zomato.com/hyderabad/grand-corner-bakers-gachibowli"
"Masqati Ice Cream","Ice Cream",450,"11am – 11pm (Mon-Sun)",NA,"https://www.zomato.com/hyderabad/masqati-ice-cream-gachibowli"
"UBQ by Barbeque Nation","North Indian, Kebab, BBQ, Biryani",400,NA,NA,"https://www.zomato.com/hyderabad/ubq-by-barbeque-nation-gachibowli"
"Indori Zaika","North Indian, Fast Food",100,"9:30am – 11pm (Mon-Sun)",NA,"https://www.zomato.com/hyderabad/indori-zaika-1-gachibowli"
"5 Star Sambar","South Indian",400,"11am – 3pm (Mon-Sun)",NA,"https://www.zomato.com/hyderabad/5-star-sambar-gachibowli"
"Ess-Jee Shawarma ","Rolls, Fast Food",300,"8:30am – 11:30pm (Mon-Sun)",NA,"https://www.zomato.com/hyderabad/ess-jee-shawarma-gachibowli"
"House Of Pops","Ice Cream",350,"11am – 12midnight (Mon-Sun)",NA,"https://www.zomato.com/hyderabad/house-of-pops-gachibowli"
"Shah Ghouse Pan Palace","Paan",100,"8am – 10pm (Mon-Sun)",NA,"https://www.zomato.com/hyderabad/shah-ghouse-pan-palace-gachibowli"
"Zoey's Bakehouse","Bakery, Desserts",400,"9am – 8pm (Mon-Sun)",NA,"https://www.zomato.com/hyderabad/zoeys-bakehouse-gachibowli"
"The Coconut Company","Beverages",200,"10am – 2am (Mon-Sun)",NA,"https://www.zomato.com/hyderabad/the-coconut-company-gachibowli"
"Chinese Republic Kitchen","Chinese",300,"11am – 11pm (Mon-Sun)",NA,"https://www.zomato.com/hyderabad/chinese-republic-kitchen-gachibowli"
"Healthy Shakes","Beverages",200,"3pm – 11pm (Mon-Sun)",NA,"https://www.zomato.com/hyderabad/healthy-shakes-gachibowli"
"Cyber Ecstasy","North Indian, Chinese",750,"11am – 11pm (Mon-Sun)",NA,"https://www.zomato.com/hyderabad/cyber-ecstasy-gachibowli"
"Jai Bhawani Chinese Fast Food And Rotis","Chinese, North Indian",150,"6:30pm – 11pm (Mon-Sun)",NA,"https://www.zomato.com/hyderabad/jai-bhawani-chinese-fast-food-and-rotis-gachibowli"
"Frosty Thrills","Ice Cream, Desserts, Beverages",250,"11am – 2am (Mon-Sun)",NA,"https://www.zomato.com/hyderabad/frosty-thrills-gachibowli"
"Kebab Ghar","Kebab, North Indian",600,"11am – 12midnight (Mon-Sun)",NA,"https://www.zomato.com/hyderabad/kebab-ghar-gachibowli"
"Lakshmi Narasimha Tiffins","South Indian, Street Food",350,"6:15am – 12midnight (Mon-Sun)",NA,"https://www.zomato.com/hyderabad/lakshmi-narasimha-tiffins-gachibowli"
"Book 4 Meal","North Indian, Chinese",350,"11:30am – 11pm (Mon-Sun)",NA,"https://www.zomato.com/hyderabad/book-4-meal-gachibowli"
"Taste of Punjab","North Indian",300,"11am – 10pm (Mon-Sun)",NA,"https://www.zomato.com/hyderabad/taste-of-punjab-gachibowli"
"Indian Food Factory","Chinese",200,"6pm – 4am (Mon-Sun)",NA,"https://www.zomato.com/hyderabad/indian-food-factory-gachibowli"
"Laziz Parathas","North Indian",350,"10am – 3am (Mon-Sun)",NA,"https://www.zomato.com/hyderabad/laziz-parathas-gachibowli"
"Nala Bhimas","South Indian, North Indian",300,"12noon – 11pm (Mon-Sun)",NA,"https://www.zomato.com/hyderabad/nala-bhimas-gachibowli"
"The Plate Company","Hyderabadi",200,"11am – 3pm, 7pm – 4am (Mon-Sun)",NA,"https://www.zomato.com/hyderabad/the-plate-company-gachibowli"
"Madhu's Kitchen","Chinese, North Indian, South Indian",250,"12noon – 2am (Mon-Sun)",NA,"https://www.zomato.com/hyderabad/madhus-kitchen-gachibowli"
"Palamuru Pakodi","Fast Food",500,"1pm – 3am (Mon-Sun)",NA,"https://www.zomato.com/hyderabad/palamuru-pakodi-gachibowli"
"The Kolkata Rolls","Rolls, Fast Food",100,"1pm – 3am (Mon-Sun)",NA,"https://www.zomato.com/hyderabad/the-kolkata-rolls-gachibowli"
"Beirut Express","Arabian, Lebanese",500,"11am – 12midnight (Mon-Sun)",NA,"https://www.zomato.com/hyderabad/beirut-express-gachibowli"
"SD Milkshakes","Beverages, Fast Food",200,"10:30am – 12midnight (Mon-Sun)",NA,"https://www.zomato.com/hyderabad/sd-milkshakes-gachibowli"
"Adraq by OYO","North Indian",400,"12noon – 3:30pm, 7pm – 11pm (Mon-Sun)",NA,"https://www.zomato.com/hyderabad/adraq-by-oyo-gachibowli"
"TCB - THE CRAFTED BOTTLE","Juices",200,"7am – 9pm (Mon-Sun)",NA,"https://www.zomato.com/hyderabad/tcb-the-crafted-bottle-gachibowli"
"Alladin Shawarma","North Indian",300,"11am – 11pm (Mon-Sun)",NA,"https://www.zomato.com/hyderabad/alladin-shawarma-gachibowli"
"Darleys Ice Cream","Desserts, Ice Cream",150,"11am – 2am (Mon-Sun)",NA,"https://www.zomato.com/hyderabad/darleys-ice-cream-gachibowli"
"#Hunger Cure","North Indian, Chinese",500,"8am – 11:30pm (Mon),8am – 12midnight (Tue-Sun)",NA,"https://www.zomato.com/hyderabad/hunger-cure-1-gachibowli"
"Shakes Stories","Fast Food, Beverages",500,"1pm – 3am (Mon-Sun)",NA,"https://www.zomato.com/hyderabad/shakes-stories-gachibowli"
"Lakshmi House Of Biryani & Pulav","North Indian, South Indian",400,"11am – 11pm (Mon-Sun)",NA,"https://www.zomato.com/hyderabad/lakshmi-house-of-biryani-pulav-gachibowli"
"Old Fox","Biryani",250,"11am – 11pm (Mon-Sun)",NA,"https://www.zomato.com/hyderabad/old-fox-gachibowli"
"Hotbux Rolls and Snacks","Rolls",150,"1pm – 10pm (Mon-Sun)",NA,"https://www.zomato.com/hyderabad/hotbux-rolls-and-snacks-gachibowli"
"Health-E-Foods","South Indian",150,"6am – 12:30pm, 5pm – 9:30pm (Mon-Sun)",NA,"https://www.zomato.com/hyderabad/health-e-foods-gachibowli"
"Hotel Sitara Grand","North Indian, Chinese",800,"11am – 11pm (Mon-Sun)",NA,"https://www.zomato.com/hyderabad/hotel-sitara-grand-gachibowli"
"Sri Balaji Family Dhaba","North Indian",350,"7:30am – 11:45pm (Mon-Sun)",NA,"https://www.zomato.com/hyderabad/sri-balaji-family-dhaba-gachibowli"
"Sri Tirumala Food Court & Caterers","South Indian",200,"7:45am – 11pm (Mon-Sat), (Sun)",NA,"https://www.zomato.com/hyderabad/sri-tirumala-food-court-caterers-gachibowli"
"Quality Rolls","Rolls",250,"4pm – 10:30pm (Mon-Sun)",NA,"https://www.zomato.com/hyderabad/quality-rolls-gachibowli"
"Irani Chai","Beverages",100,"11am – 11pm (Mon-Sun)",NA,"https://www.zomato.com/hyderabad/irani-chai-gachibowli"
"ZAN Food Court & Desserts Juice","Juices, Desserts",200,"12:30pm – 12:30AM (Mon-Sun)",NA,"https://www.zomato.com/hyderabad/zan-food-court-desserts-juice-gachibowli"
"O'Biryani by OYO","Biryani",500,"12noon – 11pm (Mon-Sun)",NA,"https://www.zomato.com/hyderabad/obiryani-by-oyo-gachibowli"
"Chic N Cone","Fast Food",200,"11am – 10pm (Mon-Sun)",NA,"https://www.zomato.com/hyderabad/chic-n-cone-gachibowli"
"Onepm","South Indian, Andhra",200,"12:30pm – 11pm (Mon-Sun)",NA,"https://www.zomato.com/hyderabad/onepm-gachibowli"
"Software  Engineer Da Dhaba","Street Food",150,"12noon – 11pm (Mon-Sun)",NA,"https://www.zomato.com/hyderabad/software-engineer-da-dhaba-gachibowli"
"Scoops N Shakes","Desserts, Beverages",250,"12noon – 4am (Mon-Sun)",NA,"https://www.zomato.com/hyderabad/scoops-n-shakes-gachibowli"
"Cake World Bakery","Bakery, Desserts",300,"10am – 2am (Mon-Sun)",NA,"https://www.zomato.com/hyderabad/cake-world-bakery-1-gachibowli"
"MC Wich","Sandwich, Fast Food",200,"7:30am – 1:30pm (Mon-Sun)",NA,"https://www.zomato.com/hyderabad/mc-wich-gachibowli"
"99Teas","Tea, Beverages",150,"12noon – 1:30am (Mon-Sat),Closed (Sun)",NA,"https://www.zomato.com/hyderabad/99teas-gachibowli"
"Cook N Fire","Chinese, North Indian",250,"11am – 2am (Mon-Sun)",NA,"https://www.zomato.com/hyderabad/cook-n-fire-1-gachibowli"
"Brownie Store","Desserts",150,"7pm – 11pm (Mon-Sun)",NA,"https://www.zomato.com/hyderabad/brownie-store-gachibowli"
"Shawarma.inn","Lebanese, Arabian",300,"1pm – 12midnight (Mon-Sun)",NA,"https://www.zomato.com/hyderabad/shawarma-inn-gachibowli"
"Royal Shawarma Corner","Arabian",250,"4pm – 12midnight (Mon-Sun)",NA,"https://www.zomato.com/hyderabad/royal-shawarma-corner-gachibowli"
"Akshaya Restaurant","South Indian",300,"8am – 11pm (Mon-Sun)",NA,"https://www.zomato.com/hyderabad/akshaya-restaurant-1-gachibowli"
"Manasa Grand","South Indian",200,"8am – 11pm (Mon-Sun)",NA,"https://www.zomato.com/hyderabad/manasa-grand-gachibowli"
"The J","Fast Food, Beverages",400,"12noon – 3am (Mon-Sun)",NA,"https://www.zomato.com/hyderabad/the-j-gachibowli"
"Hatti Kaapi","South Indian, Beverages",250,"24 Hours (Mon-Sun)",NA,"https://www.zomato.com/hyderabad/hatti-kaapi-2-gachibowli"
"Raw Bytes","Juices, Beverages",150,"11am – 11pm (Mon-Sun)",NA,"https://www.zomato.com/hyderabad/raw-bytes-gachibowli"
"Happy Eats","North Indian, Continental",300,"8am – 11pm (Mon-Sun)",NA,"https://www.zomato.com/hyderabad/happy-eats-gachibowli"
"Food Pepper","North Indian, South Indian, Healthy Food",400,"11am – 11pm (Mon-Sun)",NA,"https://www.zomato.com/hyderabad/food-pepper-gachibowli"
"Being Foodie Biryanis","Biryani, Fast Food",300,"7pm – 1am (Mon-Sun)",NA,"https://www.zomato.com/hyderabad/being-foodie-biryanis-gachibowli"
"Be'wiched","North Indian",400,"11am – 11pm (Mon-Sun)",NA,"https://www.zomato.com/hyderabad/bewiched-gachibowli"
"Yummi Shawarma Hub","Lebanese, Fast Food",350,"11am – 11pm (Mon-Sun)",NA,"https://www.zomato.com/hyderabad/yummi-shawarma-hub-gachibowli"
"Apna Dosa","South Indian",250,"5pm – 11pm (Mon-Sat),Closed (Sun)",NA,"https://www.zomato.com/hyderabad/apna-dosa-gachibowli"
"Creamery Thickshake Zone","Beverages, Desserts",300,"4pm – 11pm (Mon-Sun)",NA,"https://www.zomato.com/hyderabad/creamery-thickshake-zone-gachibowli"
"Hotel Balaji","North Indian, Chinese",400,"11am – 12:30AM (Mon-Sun)",NA,"https://www.zomato.com/hyderabad/hotel-balaji-gachibowli"
"Dall House","North Indian, South Indian, Chinese, Beverages",350,"12noon – 12midnight (Mon-Sun)",NA,"https://www.zomato.com/hyderabad/dall-house-gachibowli"
"The Chinese Bowl","Chinese",400,"10am – 2am (Mon, Fri, Sat, Sun), 12noon – 11pm...",NA,"https://www.zomato.com/hyderabad/the-chinese-bowl-gachibowli"
"Say Samosay","Street Food",100,"12noon – 8pm (Mon-Sun)",NA,"https://www.zomato.com/hyderabad/say-samosay-gachibowli"
"London Bubble Co.","Desserts, Bubble Tea",400,"12noon – 12midnight (Mon-Sun)",NA,"https://www.zomato.com/hyderabad/london-bubble-co-gachibowli"
"House of Dosas","South Indian",150,"7am – 11pm (Mon-Sun)",NA,"https://www.zomato.com/hyderabad/house-of-dosas-gachibowli"
"Sizziling China","Chinese",400,"1:30pm – 11:30am (Mon-Sun)",NA,"https://www.zomato.com/hyderabad/sizziling-china-gachibowli"
"Indochi","North Indian, Chinese",700,"11:30am – 3:30pm, 7pm – 2am (Mon-Sun)",NA,"https://www.zomato.com/hyderabad/indochi-gachibowli"
"Dark Stone","Desserts, Beverages",300,"12noon – 12midnight (Mon-Sun)",NA,"https://www.zomato.com/hyderabad/dark-stone-gachibowli"
"Kuchkus Kitchen","North Indian",200,"11am – 11pm (Mon-Sun)",NA,"https://www.zomato.com/hyderabad/kuchkus-kitchen-gachibowli"
"Kakathiya Food Court","North Indian, Mughlai",500,"11am – 11pm (Mon-Sun)",NA,"https://www.zomato.com/hyderabad/kakathiya-food-court-gachibowli"
"Taste Of Village","South Indian, Andhra",150,"7am – 11am, 4:30pm – 11:30pm (Mon-Sun)",NA,"https://www.zomato.com/hyderabad/taste-of-village-gachibowli"
"Millet Street","North Indian",500,"10:30am – 10pm (Mon-Sun)",NA,"https://www.zomato.com/hyderabad/millet-street-gachibowli"
"Nakshatra Food Court","North Indian, Chinese",450,"12noon – 12midnight (Mon-Sun)",NA,"https://www.zomato.com/hyderabad/nakshatra-food-court-gachibowli"
"M.A Food Hub","Biryani, Chinese",350,NA,NA,"https://www.zomato.com/hyderabad/m-a-food-hub-gachibowli"
"The Tea Planet","Tea",150,"2pm – 12midnight (Mon-Sun)",NA,"https://www.zomato.com/hyderabad/the-tea-planet-1-gachibowli"
"ChickenWalla","North Indian, South Indian, Desserts",500,"8am – 11pm (Mon-Sun)",NA,"https://www.zomato.com/hyderabad/chickenwalla-gachibowli"
"Gujrati Food & Snack","Street Food, Fast Food",250,"4pm – 10pm (Mon-Sun)",NA,"https://www.zomato.com/hyderabad/gujrati-food-snack-gachibowli"
"Sukha Sagara","South Indian, Chinese",200,"6am – 11pm (Mon-Sun)",NA,"https://www.zomato.com/hyderabad/sukha-sagara-gachibowli"
"Menu Home Cooked","North Indian, South Indian",350,"11am – 10pm (Mon, Wed, Thu, Fri, Sat, Sun), Closed...",NA,"https://www.zomato.com/hyderabad/menu-home-cooked-gachibowli"
"Y9 Multicuisine Restaurant","Biryani, Australian, Chinese, Arabian, Tea",500,"11am – 2am (Mon-Sun)",NA,"https://www.zomato.com/hyderabad/y9-multicuisine-restaurant-1-gachibowli"
"Baithak Where Else","North Indian, Fast Food",600,"7am – 12midnight (Mon-Sun)",NA,"https://www.zomato.com/hyderabad/baithak-where-else-gachibowli"
"Kulfiholics","Ice Cream, Desserts",100,"11:30am – 9:30pm (Mon-Sun)",NA,"https://www.zomato.com/hyderabad/kulfiholics-gachibowli"
"Taste Of Chicken","North Indian",250,"4pm – 4am (Mon-Sun)",NA,"https://www.zomato.com/hyderabad/taste-of-chicken-gachibowli"
"Srirama Excellency","North Indian, Chinese",500,"12noon – 11pm (Mon-Sun)",NA,"https://www.zomato.com/hyderabad/srirama-excellency-gachibowli"
"What The Food","Hyderabadi, Chinese",300,"11am – 11pm (Mon-Sun)",NA,"https://www.zomato.com/hyderabad/what-the-food-gachibowli"
"Empire Food Court","North Indian, Mughlai",400,"6pm – 11pm (Mon-Sun)",NA,"https://www.zomato.com/hyderabad/empire-food-court-gachibowli"
"Pandu Tiffins","South Indian",100,"7am – 2pm (Mon-Sun)",NA,"https://www.zomato.com/hyderabad/pandu-tiffins-gachibowli"
"Laziz Momos","Chinese",350,"11am – 11pm (Mon-Sun)",NA,"https://www.zomato.com/hyderabad/laziz-momos-gachibowli"
"Hazel 3 Shakes","Beverages",300,"11am – 11pm (Mon-Sun)",NA,"https://www.zomato.com/hyderabad/hazel-3-shakes-gachibowli"
"Biryani 2.0","Biryani, Beverages, Desserts",500,"11am – 10:30pm (Mon-Sun)",NA,"https://www.zomato.com/hyderabad/biryani-2-0-gachibowli"
"Mr Biryani Box","Biryani, Chinese, South Indian",450,"12noon – 12midnight (Mon-Sun)",NA,"https://www.zomato.com/hyderabad/mr-biryani-box-gachibowli"
"Parantha Pundit","North Indian",250,"12noon – 11pm (Mon-Sun)",NA,"https://www.zomato.com/hyderabad/parantha-pundit-gachibowli"
"Master of Momos","Momos",150,"12noon – 11pm (Mon-Sun)",NA,"https://www.zomato.com/hyderabad/master-of-momos-gachibowli"
"Hyderabad Spices","Hyderabadi",300,"12noon – 2am (Mon-Sun)",NA,"https://www.zomato.com/hyderabad/hyderabad-spices-gachibowli"
"Sri Sai Ganesh Chicken Biryani And Curry point","Andhra, Biryani, Fast Food",400,"11am – 11pm (Mon-Sun)",NA,"https://www.zomato.com/hyderabad/sri-sai-ganesh-chicken-biryani-and-curry-point-gachibowli"
"Ants Cafe","North Indian, Chinese, Continental",600,NA,NA,"https://www.zomato.com/hyderabad/ants-cafe-gachibowli"
"Amma Chethivantalu","South Indian",200,"11am – 11pm (Mon-Sun)",NA,"https://www.zomato.com/hyderabad/amma-chethivantalu-gachibowli"
"Fries And Cones","American",500,"10am – 11pm (Mon-Sun)",NA,"https://www.zomato.com/hyderabad/fries-and-cones-gachibowli"
"Cactus Food Court","North Indian, Chinese, Fast Food",400,"11am – 2am (Mon-Sun)",NA,"https://www.zomato.com/hyderabad/cactus-food-court-gachibowli"
"Ammamma Gari Vanta","South Indian, North Indian",350,"11am – 2am (Mon-Sun)",NA,"https://www.zomato.com/hyderabad/ammamma-gari-vanta-gachibowli"
"ABC - Absolutely Broasted Chicken","Fast Food",450,"11am – 11pm (Mon-Sun)",NA,"https://www.zomato.com/hyderabad/abc-absolutely-broasted-chicken-gachibowli"
"Snack Wagon","Bakery, Desserts",300,"8am – 4pm (Mon-Sun)",NA,"https://www.zomato.com/hyderabad/snack-wagon-gachibowli"
"Sri Lakshmi Narsimha Tiffins and Meals","North Indian",300,"11am – 11pm (Mon-Sun)",NA,"https://www.zomato.com/hyderabad/sri-lakshmi-narsimha-tiffins-and-meals-gachibowli"
"Hn Muttu's","South Indian",100,"4pm – 4am (Mon-Sun)",NA,"https://www.zomato.com/hyderabad/hn-muttu-039-s-gachibowli"
"International Juice And Icecream","Beverages, Fast Food",200,"10:30am – 10:30pm (Mon-Sun)",NA,"https://www.zomato.com/hyderabad/international-juice-and-icecream-gachibowli"
"Ripe Earth","Juices",150,"11am – 9pm (Mon-Sun)",NA,"https://www.zomato.com/hyderabad/ripe-earth-gachibowli"
"Dun Express","North Indian",350,"7:30pm – 10:30pm (Mon-Sat),Closed (Sun)",NA,"https://www.zomato.com/hyderabad/dun-express-gachibowli"
"S L Bakers","Bakery",200,"8am – 11pm (Mon-Sun)",NA,"https://www.zomato.com/hyderabad/s-l-bakers-gachibowli"
"Manuu Cafeteria","North Indian, South Indian, Chinese",300,"9am – 9pm (Mon-Sat),Closed (Sun)",NA,"https://www.zomato.com/hyderabad/manuu-cafeteria-gachibowli"
"Urban Kebab Rolls","Rolls",100,"11am – 11pm (Mon-Sun)",NA,"https://www.zomato.com/hyderabad/urban-kebab-rolls-gachibowli"
"Smoky Shawarma","Lebanese, Fast Food",200,"12noon – 1am (Mon-Sun)",NA,"https://www.zomato.com/hyderabad/smoky-shawarma-gachibowli"
"Scoops Ice Cream","Desserts",200,"11am – 11pm (Mon-Sun)",NA,"https://www.zomato.com/hyderabad/scoops-ice-cream-gachibowli"
"Rice Bucket","Fast Food",300,"7am – 3am (Mon-Sun)",NA,"https://www.zomato.com/hyderabad/rice-bucket-gachibowli"
"Shri Krishna Foods","South Indian",150,"9:30am – 5pm (Mon, Tue, Thu, Fri, Sat, Sun)...",NA,"https://www.zomato.com/hyderabad/shri-krishna-foods-gachibowli"
"The Kebab House","Kebab, Chinese, Beverages",400,"7pm – 1am (Mon-Sun)",NA,"https://www.zomato.com/hyderabad/the-kebab-house-gachibowli"
"To Go Box","South Indian",500,"12noon – 9pm (Mon-Sun)",NA,"https://www.zomato.com/hyderabad/to-go-box-gachibowli"
"Six Addictions","Bakery, Desserts",150,"9am – 8pm (Mon-Sun)",NA,"https://www.zomato.com/hyderabad/six-addictions-gachibowli"
"Padmasri Homely Food","Andhra, South Indian",300,"11am – 3pm, 6pm – 11pm (Mon-Sun)",NA,"https://www.zomato.com/hyderabad/padmasri-homely-food-gachibowli"
"Spring Leafs Lemon Grass","North Indian, Chinese",300,"5:30am – 1am (Mon-Sun)",NA,"https://www.zomato.com/hyderabad/spring-leafs-lemon-grass-gachibowli"
"Parathe Balle Balle","North Indian",300,"12noon – 11pm (Mon-Sun)",NA,"https://www.zomato.com/hyderabad/parathe-balle-balle-gachibowli"
"RS Chips and Italian Food","Italian",500,"12noon – 11pm (Mon-Sun)",NA,"https://www.zomato.com/hyderabad/rs-chips-and-italian-food-gachibowli"
"3C Cakes & Cookies","Bakery, Fast Food",200,"9am – 11pm (Mon-Sun)",NA,"https://www.zomato.com/hyderabad/3c-cakes-cookies-gachibowli"
"Jai Bhavani Food Court","Biryani, Chinese, South Indian",450,"12noon – 3pm, 7pm – 10pm (Mon-Sun)",NA,"https://www.zomato.com/hyderabad/jai-bhavani-food-court-gachibowli"
"Josh","Fast Food",400,NA,NA,"https://www.zomato.com/hyderabad/josh-gachibowli"
"Season Food Court","Mughlai, North Indian, Biryani",500,"1pm – 3am (Mon-Sun)",NA,"https://www.zomato.com/hyderabad/season-food-court-gachibowli"
"Momo Time","Momos, Chinese",300,NA,NA,"https://www.zomato.com/hyderabad/momo-time-gachibowli"
"Flavors Kitchen","South Indian",300,"12noon – 11pm (Mon-Sun)",NA,"https://www.zomato.com/hyderabad/flavors-kitchen-gachibowli"
"Waffle In The Box","Desserts",300,"7:30am – 12:30AM (Mon-Sun)",NA,"https://www.zomato.com/hyderabad/waffle-in-the-box-gachibowli"
"R & V Special Biryani","Biryani, North Indian, Chinese",300,NA,NA,"https://www.zomato.com/hyderabad/r-v-special-biryani-gachibowli"
"Spice Gossips","Chinese, North Indian",600,"12noon – 11:15pm (Mon-Sun)",NA,"https://www.zomato.com/hyderabad/spice-gossips-gachibowli"
"Ever Green TeaSpot","Fast Food",300,"4pm – 2am (Mon-Sun)",NA,"https://www.zomato.com/hyderabad/ever-green-teaspot-gachibowli"
"Hungers Hut","South Indian, Hyderabadi, North Indian, Fast Food",300,"10am – 11:30pm (Mon-Sun)",NA,"https://www.zomato.com/hyderabad/hungers-hut-gachibowli"
"Sree Sai Multicuisine Restaurant","South Indian",150,"7am – 3:30pm, 6:30pm – 11pm (Mon-Sun)",NA,"https://www.zomato.com/hyderabad/sree-sai-multicuisine-restaurant-gachibowli"
"Urban Kebab","Kebab, Rolls",200,NA,NA,"https://www.zomato.com/hyderabad/urban-kebab-gachibowli"
"Sri Sai Tiffins","South Indian",150,"6am – 1pm (Mon-Sun)",NA,"https://www.zomato.com/hyderabad/sri-sai-tiffins-gachibowli"
"Gole Wala And Lassi","Desserts, Beverages",100,"12noon – 5am (Mon-Sun)",NA,"https://www.zomato.com/hyderabad/gole-wala-and-lassi-gachibowli"
"Pirates Of Grill","North Indian, Chinese, Mughlai",600,"11am – 11pm (Mon-Sun)",NA,"https://www.zomato.com/hyderabad/pirates-of-grill-gachibowli"
"Parathe Sulthanat","North Indian",300,"11:30am – 12midnight (Mon-Sun)",NA,"https://www.zomato.com/hyderabad/parathe-sulthanat-gachibowli"
"Singhs Ka Swag","North Indian, Biryani",500,"11am – 11pm (Mon-Sun)",NA,"https://www.zomato.com/hyderabad/singhs-ka-swag-gachibowli"
"Favourite Restaurant","North Indian, Chinese",350,"11am – 11pm (Mon-Sun)",NA,"https://www.zomato.com/hyderabad/favourite-restaurant-gachibowli"
"Taste Of Nawab","North Indian, Rolls, Mughlai, Chinese",500,"11am – 11pm (Mon-Sun)",NA,"https://www.zomato.com/hyderabad/taste-of-nawab-gachibowli"
"Biryani & puloa","Biryani",400,"11am – 11pm (Mon-Sun)",NA,"https://www.zomato.com/hyderabad/biryani-puloa-gachibowli"
"Tandoor Singh","North Indian, Chinese, Rolls",500,"11am – 10pm (Mon-Sun)",NA,"https://www.zomato.com/hyderabad/tandoor-singh-gachibowli"
"Manaswi Corporate Food Court","Street Food",100,"5am – 9pm (Mon-Sun)",NA,"https://www.zomato.com/hyderabad/manaswi-corporate-food-court-gachibowli"
"Burgery","Burger, Fast Food",400,"8am – 11pm (Mon-Sun)",NA,"https://www.zomato.com/hyderabad/burgery-gachibowli"
"Sindh Chowk","North Indian, Street Food",200,"6pm – 12midnight (Mon-Sun)",NA,"https://www.zomato.com/hyderabad/sindh-chowk-2-gachibowli"
