"","restaurant_name","cuisines","cost","timings","collections","url"
"1","Flechazo","Asian, Mediterranean, North Indian, Momos",1300,"11:30am – 4:30pm, 6:30pm – 11pm (Mon-Sun)","Great Buffets, Hyderabad's Hottest","https://www.zomato.com/hyderabad/flechazo-gachibowli"
"2","eat.fit","Healthy Food, North Indian, Continental, South Indian",500,"7am – 10pm (Mon-Sun)","Food Hygiene Rated Restaurants in Hyderabad","https://www.zomato.com/hyderabad/eat-fit-gachibowli"
"3","Marsala Food Company","Arabian, North Indian, Chinese",700,"12noon – 4pm, 7pm – 12midnight (Mon-Sun)","Mandi, Great Buffets, The ‘Must Visit’ Eateries","https://www.zomato.com/hyderabad/marsala-food-company-gachibowli"
"4","Beyond Flavours","Chinese, Continental, Kebab, European, South Indian, North Indian",800,"12noon – 11:30pm (Mon-Sun)","Food Hygiene Rated Restaurants in Hyderabad, Corporate Favorites, Great Buffets, Top-Rated, Gold Curated, Live Sports Screenings","https://www.zomato.com/hyderabad/beyond-flavours-gachibowli"
"5","Shah Ghouse Hotel & Restaurant","Biryani, North Indian, Chinese, Seafood, Beverages",800,"12noon – 2am (Mon-Sun)","Late Night Restaurants, Brilliant Biryanis","https://www.zomato.com/hyderabad/shah-ghouse-hotel-restaurant-gachibowli"
"6","Over The Moon Brew Company","Asian, Continental, North Indian, Chinese, Mediterranean",1200,"12noon – 11pm (Mon, Tue, Wed, Thu, Sun), 12noon...","Best Bars & Pubs, Food Hygiene Rated Restaurants in Hyderabad, Top-Rated, Gold Curated, Hyderabad's Hottest, Trending This Week","https://www.zomato.com/hyderabad/over-the-moon-brew-company-gachibowli"
"7","The Fisherman's Wharf","Seafood, Goan, North Indian, Continental, Asian",1500,"12noon – 3:30pm, 4pm – 6:30pm, 7pm – 11:30pm...","Sunday Brunches, Corporate Favorites, Great Buffets, Hyderabad's Hottest, Food Hygiene Rated Restaurants in Hyderabad, Top-Rated, Gold Curated","https://www.zomato.com/hyderabad/the-fishermans-wharf-gachibowli"
"8","Paradise","Biryani, North Indian, Chinese",800,"11am – 11pm (Mon-Sun)","Hyderabad's Hottest","https://www.zomato.com/hyderabad/paradise-gachibowli"
"9","Hyper Local","American, Chinese, North Indian, Kebab, South Indian",1000,"12noon – 12midnight (Mon-Sun)","Great Buffets, Live Sports Screenings, Best Bars & Pubs","https://www.zomato.com/hyderabad/hyper-local-gachibowli"
"10","Shah Ghouse Spl Shawarma","Lebanese",300,"12noon – 12midnight (Mon-Sun)",NA,"https://www.zomato.com/hyderabad/shah-ghouse-spl-shawarma-gachibowli"
"11","AB's - Absolute Barbecues","European, Mediterranean, North Indian",1500,"12noon – 4:30pm, 6:30pm – 11:30pm (Mon-Sun)","Barbecue & Grill, Great Buffets, Corporate Favorites, Hyderabad's Hottest","https://www.zomato.com/hyderabad/abs-absolute-barbecues-gachibowli"
"12","The Lal Street - Bar Exchange","North Indian, Italian, Finger Food",1300,"12noon – 12midnight (Mon-Sun)","Corporate Favorites, Happy Hours, Live Sports Screenings, Rooftops","https://www.zomato.com/hyderabad/the-lal-street-bar-exchange-gachibowli"
"13","Cream Stone","Ice Cream, Desserts",350,"10am – 1am (Mon-Thu),10am – 1:30am (Fri-Sun)","Frozen Delights","https://www.zomato.com/hyderabad/cream-stone-gachibowli"
"14","Sardarji's Chaats & More","Street Food, North Indian, Fast Food",400,"12noon – 3:30pm, 7pm – 10:30pm (Mon-Sun)","Street Food, Veggie Friendly, Pocket Friendly","https://www.zomato.com/hyderabad/sardarjis-chaats-more-gachibowli"
"15","Absolute Sizzlers","Continental, American, Chinese",750,"11:30am – 1am (Mon-Sun)","Great Buffets","https://www.zomato.com/hyderabad/absolute-sizzlers-gachibowli"
"16","NorFest - The Dhaba","North Indian",550,"12noon – 10:30pm (Mon-Sun)",NA,"https://www.zomato.com/hyderabad/norfest-the-dhaba-gachibowli"
"17","10 Downing Street","North Indian, Chinese, Continental",1900,"12noon – 12midnight (Mon-Sun)","Trending This Week","https://www.zomato.com/hyderabad/10-downing-street-gachibowli"
"18","Mazzo - Marriott Executive Apartments","Italian, North Indian, South Indian, Asian",1700,"6am – 12midnight (Mon-Sun)","Top-Rated, Gold Curated, Fancy and Fun ","https://www.zomato.com/hyderabad/mazzo-marriott-executive-apartments-gachibowli"
"19","B-Dubs","American",1600,"11am – 1am (Mon-Sun)","Hyderabad's Hottest","https://www.zomato.com/hyderabad/b-dubs-gachibowli"
"20","Jonathan's Kitchen - Holiday Inn Express & Suites","North Indian, Japanese, Italian, Salad, Sushi",1900,"11:30am – 3pm, 7pm – 11pm (Mon-Sun)","Great Italian, Sunday Brunches","https://www.zomato.com/hyderabad/jonathans-kitchen-holiday-inn-express-suites-gachibowli"
"21","KFC","Burger, Fast Food",500,"11am – 11pm (Mon-Sun)",NA,"https://www.zomato.com/hyderabad/kfc-gachibowli"
"22","Frio Bistro","European, Italian, Continental, Spanish",1200,"12noon – 11pm (Mon-Sun)",NA,"https://www.zomato.com/hyderabad/frio-bistro-gachibowli"
"23","3B's - Buddies, Bar & Barbecue","North Indian, Mediterranean, European",1100,"12noon – 4pm, 6:30pm – 11:30pm (Mon-Sun)","Barbecue & Grill, Live Sports Screenings","https://www.zomato.com/hyderabad/3bs-buddies-bar-barbecue-gachibowli"
"24","13 Dhaba","North Indian",450,"Closed (Mon),12:30pm – 10pm (Tue-Sun)","Veggie Friendly","https://www.zomato.com/hyderabad/13-dhaba-gachibowli"
"25","The Glass Onion","North Indian, Continental, Italian, Asian",1200,"12noon – 11pm (Mon, Tue, Wed, Thu, Sun), 12noon...","Fancy and Fun , Hyderabad's Hottest","https://www.zomato.com/hyderabad/the-glass-onion-gachibowli"
"26","SKYHY","North Indian, Chinese, Continental",1400,"12noon – 12midnight (Mon, Tue, Wed, Thu, Sun)...","Live Sports Screenings, Gigs and Events","https://www.zomato.com/hyderabad/skyhy-gachibowli"
"27","Karachi Cafe","Cafe, Desserts, Fast Food",600,"10am – 10pm (Mon-Sun)",NA,"https://www.zomato.com/hyderabad/karachi-cafe-gachibowli"
"28","Mustang Terrace Lounge","Mexican, Italian, North Indian, Chinese, Salad",1300,"12noon – 11:30pm (Mon-Thu),12noon – 1am...","Rooftops, Live Sports Screenings, Best Bars & Pubs","https://www.zomato.com/hyderabad/mustang-terrace-lounge-gachibowli"
"29","Pot Pourri","Andhra, South Indian, North Indian",900,NA,NA,"https://www.zomato.com/hyderabad/pot-pourri-gachibowli"
"30","Hotel Zara Hi-Fi","Chinese, North Indian",400,"11:30am – 1am (Mon-Sun)",NA,"https://www.zomato.com/hyderabad/hotel-zara-gachibowli"
"31","Amul","Ice Cream, Desserts",150,"10am – 5am (Mon-Sun)",NA,"https://www.zomato.com/hyderabad/amul-gachibowli"
"32","Hunger Maggi Point","Fast Food",200,"4:30pm – 5:30am (Mon-Sun)",NA,"https://www.zomato.com/hyderabad/hunger-maggi-point-gachibowli"
"33","Club Rogue","North Indian, Fast Food",900,"11am – 12midnight (Mon-Sun)",NA,"https://www.zomato.com/hyderabad/club-rogue-gachibowli"
"34","Pakwaan Grand","North Indian, Chinese, Biryani",400,"12noon – 11pm (Mon-Sun)","Trending This Week","https://www.zomato.com/hyderabad/pakwaan-grand-gachibowli"
"35","Karachi Bakery","Bakery, Fast Food, Desserts",500,"10am – 10pm (Mon-Sun)",NA,"https://www.zomato.com/hyderabad/karachi-bakery-gachibowli"
"36","Banana Leaf Multicuisine Restaurant","Biryani, South Indian, North Indian, Chinese, Andhra",700,"12:30pm – 3:30pm, 7pm – 10:40pm (Mon-Sun)","Great Buffets","https://www.zomato.com/hyderabad/banana-leaf-multicuisine-restaurant-gachibowli"
"37","Tiki Shack","Continental",1000,"12noon – 11pm (Mon-Thu),12noon – 11:30pm (Fri-Sun)",NA,"https://www.zomato.com/hyderabad/tiki-shack-gachibowli"
"38","Ulavacharu","Andhra, North Indian, Chinese",1400,"12noon – 11:30pm (Mon-Sun)","Function Venues, Regional Favorites","https://www.zomato.com/hyderabad/ulavacharu-gachibowli"
"39","Barbeque Nation","Mediterranean, North Indian, Kebab, BBQ",1600,"12noon – 3:30pm, 6:30pm – 11:30pm (Mon-Sun)","Barbecue & Grill","https://www.zomato.com/hyderabad/barbeque-nation-gachibowli"
"40","The Indi Grill","BBQ, Asian, Modern Indian",1500,"12noon – 11pm (Mon-Sun)","Food Hygiene Rated Restaurants in Hyderabad, Great Buffets, Hyderabad's Hottest","https://www.zomato.com/hyderabad/the-indi-grill-gachibowli"
"41","Kritunga Restaurant","Andhra, Biryani, Hyderabadi, North Indian",500,"12noon – 4pm, 7pm – 11pm (Mon-Sun)",NA,"https://www.zomato.com/hyderabad/kritunga-restaurant-gachibowli"
"42","Green Bawarchi Restaurant","North Indian, Chinese, Biryani",700,"12noon – 11pm (Mon-Sun)",NA,"https://www.zomato.com/hyderabad/green-bawarchi-restaurant-gachibowli"
"43","Behrouz Biryani","Mughlai, Biryani",600,"10am – 1am (Mon-Sun)","Brilliant Biryanis","https://www.zomato.com/hyderabad/behrouz-biryani-gachibowli"
"44","The Foodie Monster Kitchen","American, Wraps, Desserts",500,"7am – 1am (Mon-Sun)","Great Breakfasts, Late Night Restaurants, Best shawarmas","https://www.zomato.com/hyderabad/the-foodie-monster-kitchen-gachibowli"
"45","Pista House","Bakery, North Indian, Mughlai, Juices, Chinese",1000,"11am – 12midnight (Mon-Sun)","Haleem","https://www.zomato.com/hyderabad/pista-house-2-gachibowli"
"46","PourHouse7","North Indian, Continental, Chinese, Italian",1200,"12noon – 12midnight (Mon, Tue, Wed, Thu, Sun)...","Happy Hours, Top Drinking Destinations, Corporate Favorites","https://www.zomato.com/hyderabad/pourhouse7-gachibowli"
"47","Deli 9 Bistro","Cafe, Continental, Desserts",700,"12noon – 10:30pm (Mon-Sun)",NA,"https://www.zomato.com/hyderabad/deli-9-bistro-gachibowli"
"48","La La Land - Bar & Kitchen","Finger Food, North Indian, Kebab, Chinese",1000,"12noon – 11:30pm (Mon-Sun)","Great Buffets","https://www.zomato.com/hyderabad/la-la-land-bar-kitchen-gachibowli"
"49","Mathura Vilas","South Indian, North Indian, Chinese",500,"11:30am – 3:30pm, 6:45pm – 11:30pm (Mon-Sun)","Veggie Friendly, Terrific Thalis","https://www.zomato.com/hyderabad/mathura-vilas-gachibowli"
"50","Owm Nom Nom","Chinese, Biryani, Andhra, North Indian",900,"12noon – 11:30pm (Mon-Sun)",NA,"https://www.zomato.com/hyderabad/owm-nom-nom-gachibowli"
"51","Udipi's Upahar","South Indian, North Indian, Chinese",500,"6am – 10:30pm (Mon-Sun)",NA,"https://www.zomato.com/hyderabad/udipis-upahar-gachibowli"
"52","Gal Punjab Di","North Indian, Continental",800,"11:55am – 4pm, 7pm – 11:15pm (Mon-Sun)",NA,"https://www.zomato.com/hyderabad/gal-punjab-di-gachibowli"
"53","The Wonton","Chinese, Malaysian, Thai, Momos",850,"12noon – 11:30pm (Mon-Sat),12:30pm – 11:30pm (Sun)",NA,"https://www.zomato.com/hyderabad/the-wonton-gachibowli"
"54","Shanghai Chef 2","Chinese, Thai, Indonesian, Asian",800,"12noon – 11pm (Mon-Sun)","Pan-Asian Delicacies","https://www.zomato.com/hyderabad/shanghai-chef-2-gachibowli"
"55","KS Bakers","Bakery, Desserts, Fast Food",200,"9am – 10pm (Mon-Sun)",NA,"https://www.zomato.com/hyderabad/ks-bakers-gachibowli"
"56","Diners Pavilion","Chinese, Continental, Italian",1200,"12noon – 4:30pm, 6:30pm – 11:30pm...","Great Buffets, Live Sports Screenings","https://www.zomato.com/hyderabad/diners-pavilion-gachibowli"
"57","Feast - Sheraton Hyderabad Hotel","Modern Indian, Asian, Continental, Italian",2500,"6:30am – 10:30am, 12:30pm – 3pm, 7pm – 11pm...","Sunday Brunches, Great Breakfasts, Function Venues, Ramadan 2019	","https://www.zomato.com/hyderabad/feast-sheraton-hyderabad-hotel-gachibowli"
"58","Cafe Eclat","Cafe, Bakery",700,"8am – 11:30pm (Mon-Sun)","Sneak Peek Hyderabad","https://www.zomato.com/hyderabad/cafe-eclat-gachibowli"
"59","Eat India Company","North Indian, Mughlai, Beverages",1300,"12noon – 3pm, 7pm – 11pm (Mon-Sun)",NA,"https://www.zomato.com/hyderabad/eat-india-company-gachibowli"
"60","Being Hungry","North Indian, Chinese",450,"12noon – 3pm, 7pm – 11:30pm (Mon-Sun)",NA,"https://www.zomato.com/hyderabad/being-hungry-gachibowli"
"61","Hitech Bawarchi Food Zone","Biryani, North Indian, Chinese",500,"12noon – 11pm (Mon-Sun)",NA,"https://www.zomato.com/hyderabad/hitech-bawarchi-food-zone-gachibowli"
"62","Prism Club & Kitchen","Kebab, Continental, Italian, North Indian",1200,"5pm – 12midnight (Mon-Sun)","Sneak Peek Hyderabad, Best Bars & Pubs, Gigs and Events","https://www.zomato.com/hyderabad/prism-club-kitchen-gachibowli"
"63","Tempteys","Desserts, Beverages",350,"11:30am – 1am (Mon-Sun)","Best Milkshakes","https://www.zomato.com/hyderabad/tempteys-gachibowli"
"64","Shree Santosh Dhaba Family Restaurant","North Indian, Chinese, Fast Food",500,"11am – 11:30pm (Mon-Sun)",NA,"https://www.zomato.com/hyderabad/shree-santosh-dhaba-family-restaurant-gachibowli"
"65","Asian Meal Box","Asian",200,"12noon – 12midnight (Mon, Tue, Wed, Thu, Sun)...",NA,"https://www.zomato.com/hyderabad/asian-meal-box-gachibowli"
"66","The Tilt Bar Republic","North Indian, Continental, Italian",1500,"12noon – 12midnight (Mon-Sun)","Gigs and Events, Corporate Favorites, Happy Hours, Great Buffets","https://www.zomato.com/thetiltbarrepublic"
"67","Aromas@11SIX","North Indian, Chinese, Mughlai, Biryani",750,"11:30am – 12midnight (Mon-Sun)",NA,"https://www.zomato.com/hyderabad/aromas11six-gachibowli"
"68","Komatose - Holiday Inn Express & Suites","North Indian, Chinese, Japanese, Sushi",1500,"1pm – 11pm (Mon-Sun)","Happy Hours, Top-Rated, Gold Curated","https://www.zomato.com/hyderabad/komatose-holiday-inn-express-suites-gachibowli"
"69","Dine O China","Chinese, Asian, Momos",850,"11:30am – 11pm (Mon-Sun)",NA,"https://www.zomato.com/hyderabad/dine-o-china-gachibowli"
"70","Biryanis And More","North Indian, Biryani, Chinese",500,"11am – 11pm (Mon-Sun)",NA,"https://www.zomato.com/hyderabad/biryanis-and-more-gachibowli"
"71","Hyderabad Chefs","North Indian, Chinese",600,"12noon – 10:30pm (Mon-Sun)",NA,"https://www.zomato.com/hyderabad/hyderabad-chefs-gachibowli"
"72","Squeeze @ The Lime","Italian, North Indian, Chinese, Salad",650,"7am – 10:30am, 12:30pm – 3:30pm, 7pm – 11pm...","Veggie Friendly","https://www.zomato.com/hyderabad/squeeze-the-lime-gachibowli"
"73","Urban Asia - Kitchen & Bar","Asian, Thai, Chinese, Sushi, Momos",1100,"12noon – 3pm, 7pm – 11pm (Mon-Sun)",NA,"https://www.zomato.com/hyderabad/urban-asia-kitchen-bar-gachibowli"
"74","Royal Spicy Restaurant","North Indian, South Indian",700,"10:30am – 11pm (Mon-Sun)",NA,"https://www.zomato.com/hyderabad/royal-spicy-restaurant-gachibowli"
"75","Driven Cafe","Cafe, Fast Food, Beverages",600,"4am – 12midnight (Mon-Sun)",NA,"https://www.zomato.com/hyderabad/driven-cafe-gachibowli"
"76","Khaan Saab","North Indian, Mughlai",1100,"12noon – 3:30pm, 7pm – 11:30pm (Mon-Sun)","New on Gold","https://www.zomato.com/hyderabad/khaan-saab-gachibowli"
"77","Labonel","Bakery, Desserts",1000,"11am – 8pm (Mon-Sat),Closed (Sun)","Best Bakeries","https://www.zomato.com/hyderabad/labonel-gachibowli"
"78","Faasos","Fast Food, Biryani, Desserts",600,"9am – 1am (Mon-Sun)",NA,"https://www.zomato.com/hyderabad/faasos-gachibowli"
"79","Tandoori Food Works","North Indian, Burger, Kebab",500,"12noon – 12midnight (Mon, Tue, Wed, Thu, Sun)...","Brilliant Biryanis","https://www.zomato.com/hyderabad/tandoori-food-works-gachibowli"
"80","Olive Garden","North Indian, Chinese, Continental, Biryani",700,"12noon – 3:30pm, 7pm – 11pm (Mon-Sun)",NA,"https://www.zomato.com/hyderabad/olive-garden-gachibowli"
"81","Yum Yum Tree - The Arabian Food Court","North Indian, Hyderabadi",1200,"12noon – 12midnight (Mon-Sun)","Food Hygiene Rated Restaurants in Hyderabad","https://www.zomato.com/hyderabad/yum-yum-tree-the-arabian-food-court-gachibowli"
"82","GD's","Burger, American",500,"11:30am – 5am (Mon-Sun)",NA,"https://www.zomato.com/hyderabad/gds-gachibowli"
"83","Arena Eleven","Continental",1600,"12noon – 12midnight (Mon-Sun)","New on Gold","https://www.zomato.com/hyderabad/arena-eleven-gachibowli"
"84","Al Saba Restaurant","North Indian, Chinese, Seafood, Biryani, Hyderabadi",750,"6am – 11:30pm (Mon-Sun)",NA,"https://www.zomato.com/hyderabad/al-saba-restaurant-gachibowli"
"85","T Grill","North Indian, Andhra, Biryani, Chinese",700,"12:30pm – 3:30pm, 7pm – 11pm (Mon-Sun)",NA,"https://www.zomato.com/hyderabad/t-grill-gachibowli"
"86","Delhi-39","North Indian, Chinese",600,"11am – 11pm (Mon-Sun)",NA,"https://www.zomato.com/hyderabad/delhi-39-gachibowli"
"87","Domino's Pizza","Fast Food, Pizza",400,"11am – 11pm (Mon-Sun)",NA,"https://www.zomato.com/hyderabad/dominos-pizza-4-gachibowli"
"88","The Old Madras Baking Company","Bakery",350,"7am – 11pm (Mon-Sun)",NA,"https://www.zomato.com/hyderabad/the-old-madras-baking-company-gachibowli"
"89","American Wild Wings","American, Fast Food, Salad, Burger",600,"12noon – 4am (Mon-Sun)","Food Hygiene Rated Restaurants in Hyderabad","https://www.zomato.com/hyderabad/american-wild-wings-gachibowli"
"90","Chinese Pavilion","Chinese, Seafood",1000,"12noon – 3:30pm, 7pm – 11pm (Mon-Sun)",NA,"https://www.zomato.com/hyderabad/chinese-pavilion-gachibowli"
"91","Mohammedia Shawarma","Street Food, Arabian",150,"1pm – 1am (Mon-Sun)",NA,"https://www.zomato.com/hyderabad/mohammedia-shawarma-gachibowli"
"92","The Chocolate Room","Cafe, Desserts",600,"10am – 12midnight (Mon-Sun)",NA,"https://www.zomato.com/hyderabad/the-chocolate-room-gachibowli"
"93","Momos Delight","Momos",200,"6pm – 2am (Mon-Sun)",NA,"https://www.zomato.com/hyderabad/momos-delight-gachibowli"
"94","Zega - Sheraton Hyderabad Hotel","Asian, Sushi",1750,"12noon – 2am (Mon-Sun)",NA,"https://www.zomato.com/hyderabad/zega-sheraton-hyderabad-hotel-gachibowli"
"95","Collage - Hyatt Hyderabad Gachibowli","Continental, Italian, North Indian, Chinese, Asian",2800,"24 Hours (Mon-Sun)","Sunday Brunches","https://www.zomato.com/hyderabad/collage-hyatt-hyderabad-gachibowli-gachibowli"
"96","Triptify","North Indian",400,"11am – 11pm (Mon-Sun)",NA,"https://www.zomato.com/hyderabad/triptify-gachibowli"
"97","Zing's Northeast Kitchen","North Eastern, Momos",550,"11:30am – 4pm, 7pm – 11pm (Mon-Sun)",NA,"https://www.zomato.com/hyderabad/zings-northeast-kitchen-gachibowli"
"98","Dunkin' Donuts","Desserts, Cafe, Beverages, Burger, Fast Food",550,"10am – 11pm (Mon-Sun)",NA,"https://www.zomato.com/hyderabad/dunkin-donuts-gachibowli"
"99","Desi Bytes","North Indian, Chinese",400,"1pm – 2am (Mon, Wed, Thu, Fri, Sat, Sun), Closed...",NA,"https://www.zomato.com/hyderabad/desi-bytes-gachibowli"
"100","Cascade - Radisson Hyderabad Hitec City","North Indian, Italian, Continental, Asian",1800,"24 Hours (Mon-Sun)",NA,"https://www.zomato.com/hyderabad/cascade-radisson-hyderabad-hitec-city-gachibowli"
"101","Hyderabadi Daawat","Hyderabadi, Chinese, Mughlai",600,"12:30pm – 11:30pm (Mon-Sun)","Food Hygiene Rated Restaurants in Hyderabad","https://www.zomato.com/hyderabad/hyderabadi-daawat-1-gachibowli"
"102","Noodles Inc","Italian, Indonesian, Russian, Burmese",300,"11am – 1am (Mon-Sun)",NA,"https://www.zomato.com/hyderabad/noodles-inc-gachibowli"
"103","IndiBlaze","Fast Food, Salad",600,"11am – 11pm (Mon-Sun)",NA,"https://www.zomato.com/hyderabad/indiblaze-gachibowli"
"104","Republic Of Noodles - Lemon Tree Hotel","Thai, Asian, Chinese, Malaysian",1700,"11:30am – 3pm, 7pm – 12midnight (Mon-Sun)","Pan-Asian Delicacies","https://www.zomato.com/hyderabad/republic-of-noodles-lemon-tree-hotel-gachibowli"
"105","Sweet Basket","Bakery, Mithai",200,"10am – 10pm (Mon-Thu),8am – 10:30pm (Fri-Sun)",NA,"https://www.zomato.com/hyderabad/sweet-basket-gachibowli"
"106","Wich Please","Fast Food",250,"8am – 12:30AM (Mon-Sun)",NA,"https://www.zomato.com/hyderabad/wich-please-1-gachibowli"
"107","Angaara Counts 3","North Indian, Biryani, Chinese",500,"12noon – 11pm (Mon-Sun)",NA,"https://www.zomato.com/hyderabad/angaara-counts-3-gachibowli"
"108","Melting Pot","North Indian, Chinese",500,"11am – 11pm (Mon-Sun)",NA,"https://www.zomato.com/hyderabad/melting-pot-gachibowli"
"109","Pepper Treats","Kerala",500,"12noon – 3:30pm, 7pm – 10:30pm (Mon-Sun)",NA,"https://www.zomato.com/hyderabad/pepper-treats-gachibowli"
"110","Drunkyard","Continental, North Indian, Chinese",1000,"12noon – 12midnight (Mon-Sun)",NA,"https://www.zomato.com/hyderabad/drunkyard-gachibowli"
"111","Pavilion - The Peerless Inn","North Indian, Continental, South Indian, Chinese",800,"7:30am – 10:30pm (Mon-Sun)","Great Buffets","https://www.zomato.com/thepeerlessinnhyd"
"112","Ovenstory Pizza","Pizza, Fast Food",800,"11am – 1am (Mon-Sun)",NA,"https://www.zomato.com/hyderabad/ovenstory-pizza-gachibowli"
"113","Eatsome","Fast Food, North Indian, Momos",400,"11am – 11pm (Mon-Sun)",NA,"https://www.zomato.com/hyderabad/eatsome-gachibowli"
"114","Shriji Rasoi","North Indian",300,"11am – 4pm, 7pm – 11pm (Mon-Sun)",NA,"https://www.zomato.com/hyderabad/shriji-rasoi-gachibowli"
"115","Rice Bowl","North Indian",350,"12noon – 4pm, 6:30pm – 10:30pm (Mon-Sun)","Pocket Friendly","https://www.zomato.com/hyderabad/rice-bowl-gachibowli"
"116","Kritunga - Palegar's Cuisine","South Indian",800,"12:30pm – 4pm, 7:30pm – 11pm (Mon-Sun)","Food Hygiene Rated Restaurants in Hyderabad","https://www.zomato.com/hyderabad/kritunga-palegars-cuisine-gachibowli"
"117","Subway","Fast Food, Healthy Food, Sandwich, Salad",500,"8am – 10:30pm (Mon-Sun)",NA,"https://www.zomato.com/hyderabad/subway-1-gachibowli"
"118","Dirty Burgers","BBQ, Fast Food, Burger, Wraps",800,"1pm – 11pm (Mon-Thu),1pm – 12midnight (Fri-Sun)",NA,"https://www.zomato.com/hyderabad/dirty-burgers-gachibowli"
"119","Pakka Local","Andhra, South Indian, North Indian, Chinese",1000,"12noon – 11pm (Mon-Sun)","Sneak Peek Hyderabad","https://www.zomato.com/hyderabad/pakka-local-gachibowli"
"120","Citrus Cafe - Lemon Tree Hotel","European, South Indian, American, North Indian, Continental",1800,"24 Hours (Mon-Sun)","Great Buffets","https://www.zomato.com/hyderabad/citrus-cafe-lemon-tree-hotel-gachibowli"
"121","Link - Sheraton Hyderabad Hotel","Cafe",1500,"24 Hours (Mon-Sun)",NA,"https://www.zomato.com/hyderabad/link-sheraton-hyderabad-hotel-gachibowli"
"122","Pizza Hut","Pizza, Fast Food, Italian",900,"11am – 11pm (Mon-Sun)",NA,"https://www.zomato.com/hyderabad/pizza-hut-1-gachibowli"
"123","Anandam","North Indian, Rajasthani",350,"12noon – 11pm (Mon-Sun)",NA,"https://www.zomato.com/hyderabad/anandam-gachibowli"
"124","Masti Sports Bar","North Indian, Continental",1400,"12noon – 12midnight (Mon, Tue, Wed, Thu, Sun)...",NA,"https://www.zomato.com/hyderabad/masti-sports-bar-gachibowli"
"125","Frozen Bottle","Beverages, Desserts",400,"11am – 3:30am (Mon-Sun)","Best Milkshakes","https://www.zomato.com/hyderabad/frozen-bottle-gachibowli"
"126","Milk Shake Factory","Beverages, Desserts, Fast Food",350,"12noon – 11pm (Mon-Sun)",NA,"https://www.zomato.com/hyderabad/milk-shake-factory-gachibowli"
"127","Oakleaf: Oakwood Residence Kapil Hyderabad","Continental, North Indian, Italian, Desserts, Seafood",1500,"24 Hours (Mon-Sun)","Late Night Restaurants","https://www.zomato.com/oakleaf"
"128","Chak De","North Indian, Chinese, Biryani",500,"11am – 11:45pm (Mon-Sun)",NA,"https://www.zomato.com/hyderabad/chak-de-gachibowli"
"129","Coconut Juice Bar","Beverages",150,"11am – 4am (Mon-Sun)","Hyderabad's Hottest","https://www.zomato.com/hyderabad/coconut-juice-bar-gachibowli"
"130","Indus - Ellaa Hotels","Continental, North Indian, South Indian, Mexican, Chinese",1000,"24 Hours (Mon-Sun)",NA,"https://www.zomato.com/hyderabad/indus-ellaa-hotels-gachibowli"
"131","Snack Time","Fast Food, Burger, Beverages",300,"12noon – 10pm (Mon-Sun)",NA,"https://www.zomato.com/hyderabad/snack-time-gachibowli"
"132","Bahar Cafe","North Indian, Chinese, Biryani",650,"11:30am – 10:30pm (Mon-Sun)",NA,"https://www.zomato.com/hyderabad/bahar-cafe-1-gachibowli"
"133","Istah - Sizzling Shawarmas","Arabian, Mediterranean",400,"8am – 3am (Mon-Sun)","Best shawarmas","https://www.zomato.com/hyderabad/istah-sizzling-shawarmas-1-gachibowli"
"134","Pulav House","South Indian, North Indian, Chinese",600,"Closed (Mon),11am – 11pm (Tue-Wed),11am –...",NA,"https://www.zomato.com/hyderabad/pulav-house-gachibowli"
"135","Firangi Bake","Mexican, Italian",600,"11am – 1am (Mon-Sun)",NA,"https://www.zomato.com/hyderabad/firangi-bake-gachibowli"
"136","Naina Tiffins & Meals","North Indian, South Indian, Chinese",200,"6:30am – 11:30pm (Mon-Sun)",NA,"https://www.zomato.com/hyderabad/naina-tiffins-meals-gachibowli"
"137","Balaji Rajasthan Food House","Rajasthani, North Indian",250,"11am – 3:30pm, 7pm – 10:30pm (Mon-Sun)","Terrific Thalis","https://www.zomato.com/hyderabad/balaji-rajasthan-food-house-gachibowli"
"138","Rasbahar","Mithai, Fast Food",250,"9am – 10pm (Mon-Sun)",NA,"https://www.zomato.com/hyderabad/rasbahar-gachibowli"
"139","Malabar Magic","Kerala",300,"12:30pm – 11:50pm (Mon, Wed, Thu, Fri, Sat, Sun)...",NA,"https://www.zomato.com/hyderabad/malabar-magic-gachibowli"
"140","Punjabi Bytes","North Indian",250,"12:30pm – 3pm, 8pm – 12:30AM (Mon-Sun)",NA,"https://www.zomato.com/hyderabad/punjabi-bytes-gachibowli"
"141","The Punjabis Swag","Chinese, Continental",500,"12noon – 3:30pm, 7pm – 11pm (Mon-Sun)","Hyderabad's Hottest","https://www.zomato.com/hyderabad/the-punjabis-swag-gachibowli"
"142","Bangkok 169","Thai, Asian, Chinese",800,"12noon – 12midnight (Mon-Sun)",NA,"https://www.zomato.com/hyderabad/bangkok-169-1-gachibowli"
"143","Keshav Reddy Sweets","Mithai, Fast Food",250,"9am – 9:30pm (Mon-Sun)",NA,"https://www.zomato.com/hyderabad/keshav-reddy-sweets-gachibowli"
"144","Hong Kong Chinese Restaurant","Chinese",700,"12noon – 3pm, 7pm – 10pm (Mon-Sun)",NA,"https://www.zomato.com/hyderabad/hong-kong-chinese-restaurant-gachibowli"
"145","Budget Meal","North Indian, South Indian, Chinese, Continental",700,"10:30am – 3am (Mon-Sun)",NA,"https://www.zomato.com/hyderabad/budget-meal-gachibowli"
"146","Biryani & U","Biryani",300,"12noon – 2am (Mon-Sun)",NA,"https://www.zomato.com/hyderabad/biryani-u-gachibowli"
"147","Blu Ginger","North Indian, Biryani",550,"12noon – 11:30pm (Mon-Sun)",NA,"https://www.zomato.com/hyderabad/blu-ginger-gachibowli"
"148","Chama Gaucha","South American",2200,"7pm – 11pm (Mon-Sun)",NA,"https://www.zomato.com/hyderabad/chama-gaucha-gachibowli"
"149","Chicken Shawarma Hub","Rolls, Lebanese",200,"12noon – 12midnight (Mon-Sun)",NA,"https://www.zomato.com/hyderabad/chicken-shawarma-hub-gachibowli"
"150","Planet Gravy","North Indian, South Indian, Chinese",400,"12noon – 3am (Mon-Sun)",NA,"https://www.zomato.com/hyderabad/planet-gravy-gachibowli"
"151","Fine Food Court","North Indian, Chinese, Seafood",450,"11:30am – 12:30AM (Mon-Sun)",NA,"https://www.zomato.com/hyderabad/fine-food-court-gachibowli"
"152","AM-PM Food Court","Fast Food",200,"1pm – 1am (Mon-Sun)",NA,"https://www.zomato.com/hyderabad/am-pm-food-court-1-gachibowli"
"153","Balaji Santosh Family Dhaba","North Indian, Chinese",600,"11am – 11pm (Mon-Sun)",NA,"https://www.zomato.com/hyderabad/balaji-santosh-family-dhaba-gachibowli"
"154","Hitex Santosh Dhaba","North Indian, Chinese",600,"12noon – 11pm (Mon-Sun)",NA,"https://www.zomato.com/hyderabad/hitex-santosh-dhaba-gachibowli"
"155","Pariwar Eatery","North Indian, Chinese",350,"3pm – 1am (Mon-Sun)",NA,"https://www.zomato.com/hyderabad/pariwar-eatery-gachibowli"
"156","AM-PM Dosa Point","South Indian",150,"1pm – 1am (Mon-Sun)",NA,"https://www.zomato.com/hyderabad/am-pm-dosa-point-gachibowli"
"157","The Egg Stop - Omelette Cafe","American, Beverages",500,"12midnight – 1am, 7:30am – 12midnight...",NA,"https://www.zomato.com/hyderabad/the-egg-stop-omelette-cafe-gachibowli"
"158","Gujarati Mess","Gujarati",200,"12noon – 3pm, 7pm – 9:30pm (Mon-Sun)",NA,"https://www.zomato.com/hyderabad/gujarati-mess-gachibowli"
"159","WAI-KIKI - Polynesian Resto Bar","Seafood",3000,"12noon – 3pm, 7pm – 11pm (Mon, Tue, Wed, Thu...",NA,"https://www.zomato.com/hyderabad/wai-kiki-polynesian-resto-bar-gachibowli"
"160","Grill Point","North Indian, Kebab",500,"10am – 10pm (Mon-Sun)",NA,"https://www.zomato.com/hyderabad/grill-point-gachibowli"
"161","Cafe 115: Oakwoood Residence Kapil Hyderabad","Continental, Desserts, Beverages",350,"7:30am – 10:30pm (Mon-Sun)",NA,"https://www.zomato.com/cafe115"
"162","Punjabi Bhatti","North Indian, Chinese",400,"12noon – 11pm (Mon-Sun)",NA,"https://www.zomato.com/hyderabad/punjabi-bhatti-1-gachibowli"
"163","Healthie","Healthy Food, Sandwich, Salad, Juices, Desserts, Beverages",600,"8am – 11pm (Mon-Sun)",NA,"https://www.zomato.com/hyderabad/healthie-gachibowli"
"164","Cafe De Loco","Cafe, Tea, Fast Food",700,"11am – 11pm (Mon-Sun)",NA,"https://www.zomato.com/cafedeloco"
"165","Cusino","North Indian, Chinese",500,"12midnight – 2am, 1pm – 12midnight (Mon-Sun)",NA,"https://www.zomato.com/hyderabad/cusino-gachibowli"
"166","Yosta Xpress","Beverages, Sandwich",150,"11am – 11pm (Mon-Sun)","Pocket Friendly","https://www.zomato.com/hyderabad/yosta-xpress-gachibowli"
"167","Chakhh De Punjab","North Indian, Chinese",500,"11:30am – 3:30pm, 6:30pm – 3am (Mon-Sun)",NA,"https://www.zomato.com/hyderabad/chakhh-de-punjab-gachibowli"
"168","Mist n Creams","Ice Cream, Desserts",300,"11:30am – 11:30pm (Mon-Sun)",NA,"https://www.zomato.com/hyderabad/mist-n-creams-gachibowli"
"169","Cakesclub.com","Bakery, Desserts",300,"10am – 1am (Mon-Sun)",NA,"https://www.zomato.com/hyderabad/cakesclub-com-gachibowli"
"170","Swadisht","South Indian, North Indian",300,"7:30am – 1:30am (Mon-Sun)",NA,"https://www.zomato.com/hyderabad/swadisht-gachibowli"
"171","Plush Creamery","Desserts",300,"12noon – 2am (Mon-Sun)",NA,"https://www.zomato.com/hyderabad/plush-creamery-1-gachibowli"
"172","Golconda Chefs","Andhra, Biryani, Chinese, Mughlai",600,"12noon – 12midnight (Mon-Sun)",NA,"https://www.zomato.com/hyderabad/golconda-chefs-gachibowli"
"173","Cafe Coffee Day","Cafe, Desserts, Beverages, Sandwich",500,"10am – 10pm (Mon-Sun)",NA,"https://www.zomato.com/hyderabad/cafe-coffee-day-gachibowli"
"174","Milkshake Buffin","Beverages, Desserts",300,"11am – 12midnight (Mon-Sun)","Best Milkshakes","https://www.zomato.com/hyderabad/milkshake-buffin-gachibowli"
"175","Keventers","Desserts, Beverages, Ice Cream",400,"11am – 2am (Mon-Sun)",NA,"https://www.zomato.com/hyderabad/keventers-gachibowli"
"176","Raju Gari Pulao","South Indian",800,"12:30pm – 3:30pm, 7pm – 11:30pm (Mon-Sun)",NA,"https://www.zomato.com/hyderabad/raju-gari-pulao-gachibowli"
"177","Granny's Art Café","Cafe, North Indian, Italian",300,"Closed (Mon),10am – 11pm (Tue-Sun)",NA,"https://www.zomato.com/hyderabad/grannys-art-café-gachibowli"
"178","Sweet Truth","Desserts",300,"9am – 1am (Mon-Sun)",NA,"https://www.zomato.com/hyderabad/sweet-truth-gachibowli"
"179","Masquerade By Mystery Rooms","North Indian, Chinese, Fast Food, Asian, Mexican, Italian, Desserts",1000,"12noon – 11pm (Mon-Sun)",NA,"https://www.zomato.com/hyderabad/masquerade-by-mystery-rooms-gachibowli"
"180","Deori- Hyatt Hyderabad Gachibowli","North Indian, Andhra",2500,"7pm – 11:30pm (Mon-Sun)",NA,"https://www.zomato.com/hyderabad/deori-hyatt-hyderabad-gachibowli-gachibowli"
"181","Amamma Ruchulu","South Indian, North Indian, Biryani",250,"11am – 2am (Mon-Sun)",NA,"https://www.zomato.com/hyderabad/amamma-ruchulu-gachibowli"
"182","Village Aaharam","South Indian",150,"7am – 11pm (Mon-Sun)",NA,"https://www.zomato.com/hyderabad/village-aaharam-gachibowli"
"183","Hop In","Fast Food, Desserts, Beverages",500,"8am – 11pm (Mon-Sun)",NA,"https://www.zomato.com/hyderabad/hop-in-gachibowli"
"184","Khaanagiri","North Indian, South Indian",400,"7:30pm – 3am (Mon-Fri),12noon – 2:30pm, 7:30pm...",NA,"https://www.zomato.com/hyderabad/khaanagiri-gachibowli"
"185","The ThickShake Factory","Beverages",300,"10am – 12midnight (Mon-Sun)",NA,"https://www.zomato.com/hyderabad/the-thickshake-factory-1-gachibowli"
"186","Royal Juice Bar and Snacks","Fast Food, Beverages, Juices",150,"10am – 12midnight (Mon-Sun)",NA,"https://www.zomato.com/hyderabad/royal-juice-bar-and-snacks-gachibowli"
"187","Roll Darbar","Fast Food, Rolls",200,"11:30am – 10:30pm (Mon-Sun)",NA,"https://www.zomato.com/hyderabad/roll-darbar-gachibowli"
"188","Devour","Continental, Mexican, Fast Food, Italian, Pizza",400,"12:30pm – 12:30AM (Mon-Sun)",NA,"https://www.zomato.com/hyderabad/devour-gachibowli"
"189","Little Andhra","South Indian",350,"12noon – 10:30pm (Mon-Sun)",NA,"https://www.zomato.com/hyderabad/little-andhra-1-gachibowli"
"190","Spoonly","North Indian, Biryani",400,"10am – 1pm (Mon-Sun)",NA,"https://www.zomato.com/hyderabad/spoonly-gachibowli"
"191","13 Rice Bowls","Chinese",300,"12noon – 10:30pm (Mon-Tue),12noon – 3pm, 6pm –...",NA,"https://www.zomato.com/hyderabad/13-rice-bowls-gachibowli"
"192","Shawarma Stop & Arabian Delight","Lebanese, Momos, Sandwich",300,"2pm – 10:30pm (Mon-Sun)",NA,"https://www.zomato.com/hyderabad/shawarma-stop-arabian-delight-gachibowli"
"193","InnerChef","North Indian, South Indian, Italian, Continental, Mediterranean, Lebanese, Desserts, Beverages",500,"8am – 11pm (Mon-Sun)",NA,"https://www.zomato.com/hyderabad/innerchef-gachibowli"
"194","Kobe Sizzler","Asian, Chinese",1100,"12noon – 11pm (Mon-Sun)","Corporate Favorites","https://www.zomato.com/hyderabad/kobe-sizzler-gachibowli"
"195","Sweet Magic","Andhra, North Indian, Mithai",700,"11am – 11pm (Mon-Sun)",NA,"https://www.zomato.com/hyderabad/sweet-magic-gachibowli"
"196","Deepak Edla's Kitchen","Chinese, North Indian, South Indian",250,"Closed (Mon),11am – 3pm, 7pm – 10pm (Tue-Sun)",NA,"https://www.zomato.com/hyderabad/deepak-edlas-kitchen-gachibowli"
"197","Parampara- 'The Mithai Shop'","Mithai, Street Food",500,"8am – 10:30pm (Mon-Sun)","Sweet shops","https://www.zomato.com/hyderabad/parampara-the-mithai-shop-gachibowli"
"198","The Chennai Cafe","South Indian",200,"8am – 10:30pm (Mon-Sat),8am – 3:30pm (Sun)",NA,"https://www.zomato.com/hyderabad/the-chennai-cafe-gachibowli"
"199","Foreign Café","American, Italian, Continental, Burger, Sandwich",650,"8am – 11pm (Mon-Sun)",NA,"https://www.zomato.com/hyderabad/foreign-café-gachibowli"
"200","Wraps and Wiches","Fast Food",300,"3:30pm – 6am (Mon-Sun)",NA,"https://www.zomato.com/hyderabad/wraps-and-wiches-gachibowli"
"201","Munchieez","Continental, Mexican, Italian, North Indian, Chinese",400,"12midnight – 1am, 7am – 11am, 1pm – 12midnight...",NA,"https://www.zomato.com/hyderabad/munchieez-gachibowli"
"202","Bihari Dhaba","North Indian, Bihari",250,"12noon – 11pm (Mon-Sun)",NA,"https://www.zomato.com/hyderabad/bihari-dhaba-gachibowli"
"203","HealthBent","South Indian, Continental",400,"11:30am – 11:35pm (Mon-Sun)",NA,"https://www.zomato.com/hyderabad/healthbent-gachibowli"
"204","Hello Curry","North Indian, Biryani, South Indian",600,"9am – 3am (Mon-Sun)",NA,"https://www.zomato.com/hyderabad/hello-curry-gachibowli"
"205","Foodie Cage ","North Indian, Chinese",500,"12midnight – 1am, 12noon – 12midnight...",NA,"https://www.zomato.com/hyderabad/foodie-cage-gachibowli"
"206","Gokul Food Point","Street Food, Chinese, North Indian",250,"11am – 11pm (Mon-Sun)",NA,"https://www.zomato.com/hyderabad/gokul-food-point-gachibowli"
"207","Mealboys.com","North Indian",600,"10:30am – 1pm (Mon),10am – 1pm (Tue-Sun)",NA,"https://www.zomato.com/hyderabad/mealboys-com-gachibowli"
"208","King's Burger","Burger, Fast Food",350,"12noon – 12midnight (Mon-Fri),11am – 12midnight...",NA,"https://www.zomato.com/hyderabad/kings-burger-gachibowli"
"209","Just Bake","Bakery, Desserts",300,"10am – 10:30pm (Mon-Sun)",NA,"https://www.zomato.com/hyderabad/just-bake-gachibowli"
"210","Malgudi Kitchen","North Indian, Chinese, Seafood, Mughlai, Biryani",650,"11am – 11pm (Mon-Sat),Closed (Sun)",NA,"https://www.zomato.com/hyderabad/malgudi-kitchen-gachibowli"
"211","The Good Bowl","Asian, Biryani, North Indian",500,"10am – 1am (Mon-Sun)",NA,"https://www.zomato.com/hyderabad/the-good-bowl-1-gachibowli"
"212","Noodle Bar","Chinese",300,"4:15pm – 12:45AM (Mon-Sun)",NA,"https://www.zomato.com/hyderabad/noodle-bar-2-gachibowli"
"213","The F District","North Indian, Chinese, Continental",800,"11am – 11pm (Mon-Sun)",NA,"https://www.zomato.com/hyderabad/the-f-district-gachibowli"
"214","Publick Restaurant","South Indian, Chinese, Continental, Mughlai",900,"12noon – 11pm (Mon-Sun)",NA,"https://www.zomato.com/hyderabad/publick-restaurant-gachibowli"
"215","Queens Burger","Burger, Fast Food",250,"6pm – 10:30pm (Mon-Sun)",NA,"https://www.zomato.com/hyderabad/queens-burger-gachibowli"
"216","Bismi Food Court","Fast Food, Beverages",400,"24 Hours (Mon-Sun)",NA,"https://www.zomato.com/hyderabad/bismi-food-court-gachibowli"
"217","YumYumDilli","North Indian, Desserts, Beverages",500,"8am – 11pm (Mon-Sun)",NA,"https://www.zomato.com/hyderabad/yumyumdilli-gachibowli"
"218","Holy Moly!","Street Food, Continental",300,"3:30pm – 12:30AM (Mon-Sun)",NA,"https://www.zomato.com/hyderabad/holy-moly-gachibowli"
"219","Swaddesh Restaurant","North Indian, Chinese",500,"12noon – 4pm, 7pm – 3am (Mon-Sun)","Trending This Week","https://www.zomato.com/hyderabad/swaddesh-restaurant-gachibowli"
"220","Doughicious","Bakery",400,"9:30am – 10pm (Mon, Wed, Thu, Fri, Sat), 9am –...",NA,"https://www.zomato.com/hyderabad/doughicious-gachibowli"
"221","9GRILL","North Indian, Andhra, Chinese",650,"11:30am – 12midnight (Mon-Sun)",NA,"https://www.zomato.com/hyderabad/9grill-gachibowli"
"222","Shri Vaishnav Dhaba","North Indian",500,"11am – 11pm (Mon-Sun)",NA,"https://www.zomato.com/hyderabad/shri-vaishnav-dhaba-gachibowli"
"223","Bicha Reddy Sweets","Mithai",350,"8:30am – 10pm (Mon-Sun)",NA,"https://www.zomato.com/hyderabad/bicha-reddy-sweets-gachibowli"
"224","Chai Point","Tea, Fast Food, Sandwich, Beverages",300,"8am – 8pm (Mon-Sun)",NA,"https://www.zomato.com/hyderabad/chai-point-gachibowli"
"225","Zyng - Radisson Hyderabad Hitec City","Finger Food",1800,"11am – 11pm (Mon-Sun)",NA,"https://www.zomato.com/hyderabad/zyng-radisson-hyderabad-hitec-city-gachibowli"
"226","Sholay The BBQ Bike","Charcoal Chicken, Fast Food, Kebab, North Indian, Street Food",350,"5pm – 11pm (Mon-Sun)",NA,"https://www.zomato.com/hyderabad/sholay-the-bbq-bike-gachibowli"
"227","Indulge IceCream","Ice Cream",250,"10:30am – 12midnight (Mon-Sun)","Frozen Delights","https://www.zomato.com/hyderabad/indulge-icecream-gachibowli"
"228","Zomoz","Street Food",250,"5pm – 10pm (Mon-Sun)",NA,"https://www.zomato.com/hyderabad/zomoz-1-gachibowli"
"229","Dosa Station","South Indian",150,"7:30am – 4am (Mon-Sun)",NA,"https://www.zomato.com/dosa-station-food-truck"
"230","SkyNest","North Indian, Chinese, Street Food, Mithai",500,"6am – 12midnight (Mon-Sun)",NA,"https://www.zomato.com/hyderabad/skynest-gachibowli"
"231","Ishta Meals and Restaurant","North Indian, South Indian",400,"8am – 11pm (Mon-Sun)",NA,"https://www.zomato.com/hyderabad/ishta-meals-and-restaurant-gachibowli"
"232","Slounge - Lemon Tree Hotel","Finger Food",2200,"5:30pm – 12midnight (Mon-Sun)","Happy Hours","https://www.zomato.com/hyderabad/slounge-lemon-tree-hotel-gachibowli"
"233","For Heaven's Cake","Bakery",500,"10am – 11pm (Mon-Sun)",NA,"https://www.zomato.com/hyderabad/for-heavens-cake-gachibowli"
"234","Whatta Waffle!","Desserts",300,"12noon – 12midnight (Mon, Thu, Sun), 2pm –...",NA,"https://www.zomato.com/hyderabad/whatta-waffle-gachibowli"
"235","Alhamdulillah Hotel","Mughlai, North Indian, Chinese",400,"11am – 3am (Mon-Sun)",NA,"https://www.zomato.com/hyderabad/alhamdulillah-hotel-gachibowli"
"236","WOK Republic","Indonesian, Thai, Chinese, Japanese, Malaysian, Momos",550,"12noon – 10:30pm (Mon-Sun)",NA,"https://www.zomato.com/hyderabad/wok-republic-2-gachibowli"
"237","Train Trails","South Indian",250,"6pm – 4am (Mon-Sun)",NA,"https://www.zomato.com/hyderabad/train-trails-gachibowli"
"238","Jarlie Fine Desserts","Desserts",200,"10am – 10:45pm (Mon-Sun)",NA,"https://www.zomato.com/hyderabad/jarlie-fine-desserts-gachibowli"
"239","The English Cafe","Cafe, Continental, Chinese",1200,"12noon – 12midnight (Mon-Sun)","Food Hygiene Rated Restaurants in Hyderabad, Newly Opened","https://www.zomato.com/hyderabad/the-english-cafe-gachibowli"
"240","Tin Shed Restaurant","North Indian, Chinese",300,"12noon – 11pm (Mon-Fri),11am – 11pm (Sat-Sun)",NA,"https://www.zomato.com/hyderabad/tin-shed-restaurant-gachibowli"
"241","Bars N Bowls Restaurant","North Indian, Mughlai, Chinese",700,"11am – 11pm (Mon-Sun)",NA,"https://www.zomato.com/hyderabad/bars-n-bowls-restaurant-gachibowli"
"242","The Rice Bar","South Indian",300,"11am – 2am (Mon-Sun)",NA,"https://www.zomato.com/hyderabad/the-rice-bar-gachibowli"
"243","Thalis of India","North Indian, South Indian, Desserts, Beverages",350,"8am – 11pm (Mon-Sun)",NA,"https://www.zomato.com/hyderabad/thalis-of-india-gachibowli"
"244","Kakatiya","Andhra, South Indian",850,"11am – 11pm (Mon-Sun)",NA,"https://www.zomato.com/hyderabad/kakatiya-gachibowli"
"245","Magic Straw","Fast Food, Beverages",250,"12noon – 1am (Mon-Sun)",NA,"https://www.zomato.com/hyderabad/magic-straw-gachibowli"
"246","Lunar Bakers","Bakery, Desserts, Fast Food",400,"10:30am – 10:30pm (Mon-Sun)",NA,"https://www.zomato.com/hyderabad/bakers-inn-gachibowli"
"247","Budmaash Biryani","Biryani, Hyderabadi, North Indian, Chinese",250,"7am – 2am (Mon-Sun)",NA,"https://www.zomato.com/hyderabad/budmaash-biryani-gachibowli"
"248","Hunger's Kitchen","North Indian, Fast Food, Biryani",400,"9am – 12midnight (Mon, Thu, Fri, Sat, Sun), 9am...",NA,"https://www.zomato.com/hyderabad/hungers-kitchen-gachibowli"
"249","10 Pounder Pizzateria","Pizza, Fast Food",400,"12noon – 3am (Mon-Sun)",NA,"https://www.zomato.com/hyderabad/10-pounder-pizzateria-gachibowli"
"250","Doner Bistro","Lebanese, Fast Food",300,"12noon – 2am (Mon-Sun)",NA,"https://www.zomato.com/hyderabad/doner-bistro-gachibowli"
"251","Alchemy Lounge - Ellaa Hotels","Mediterranean",1900,"12:30pm – 11pm (Mon-Sun)",NA,"https://www.zomato.com/hyderabad/alchemy-lounge-ellaa-hotels-gachibowli"
"252","The Lounge Bar- Hyatt Hyderabad Gachibowli","North Indian, Modern Indian, Finger Food",2500,"1am – 12:45AM (Mon-Sun)","Live Sports Screenings","https://www.zomato.com/hyderabad/the-lounge-bar-hyatt-hyderabad-gachibowli-gachibowli"
"253","Haku Sizzlers","Fast Food, Chinese",500,"11:45am – 4pm, 7pm – 11pm (Mon-Sun)",NA,"https://www.zomato.com/hyderabad/haku-sizzlers-gachibowli"
"254","Grand Spicy Bawarchi","North Indian, Mughlai, Chinese, Seafood, Biryani",600,"11am – 12midnight (Mon-Sun)",NA,"https://www.zomato.com/hyderabad/grand-spicy-bawarchi-gachibowli"
"255","Udipi Sri Krishna Darshini","South Indian",200,"7am – 11pm (Mon-Sun)",NA,"https://www.zomato.com/hyderabad/udipi-sri-krishna-darshini-gachibowli"
"256","Jodhpur Wala's Food House","North Indian, Chinese",400,"11am – 4pm, 7pm – 11pm (Mon-Sun)",NA,"https://www.zomato.com/hyderabad/jodhpur-walas-food-house-gachibowli"
"257","Y9 Multicuisine Restaurant","South Indian, Chinese",500,"12midnight – 1am, 12:30pm – 12midnight (Mon-Sun)",NA,"https://www.zomato.com/hyderabad/y9-multicuisine-restaurant-gachibowli"
"258","SK Shawarma","Lebanese",350,"6pm – 6am (Mon-Sun)",NA,"https://www.zomato.com/hyderabad/sk-shawarma-gachibowli"
"259","Shake Studio","Beverages, Juices",400,"1pm – 3am (Mon-Sun)","Best Milkshakes","https://www.zomato.com/hyderabad/shake-studio-gachibowli"
"260","Sha Sha - Shandaar Shawarma","Middle Eastern",200,"12noon – 1:30am (Mon-Sun)",NA,"https://www.zomato.com/hyderabad/sha-sha-shandaar-shawarma-gachibowli"
"261","WAFL Café","Desserts, Fast Food, American, Beverages",400,"11am – 11pm (Mon-Fri),11am – 12midnight (Sat-Sun)","Food Hygiene Rated Restaurants in Hyderabad","https://www.zomato.com/hyderabad/wafl-café-gachibowli"
"262","Southern Express","Fast Food, Chinese",500,"11am – 11:30pm (Mon-Sun)",NA,"https://www.zomato.com/hyderabad/southern-express-gachibowli"
"263","Waffle and Co","Desserts, Bakery, Beverages",350,"11:30am – 11:30pm (Mon-Sun)",NA,"https://www.zomato.com/hyderabad/waffle-and-co-gachibowli"
"264","Ginger N Spices -Bengali Raanaghar","Bengali, North Indian, Chinese",400,"11am – 2am (Mon-Sun)",NA,"https://www.zomato.com/hyderabad/ginger-n-spices-bengali-raanaghar-gachibowli"
"265","YumYumSouth","South Indian, Beverages",600,"8am – 11pm (Mon-Sun)",NA,"https://www.zomato.com/hyderabad/yumyumsouth-gachibowli"
"266","Frying Pan","Fast Food",350,"8am – 11pm (Mon-Sun)",NA,"https://www.zomato.com/hyderabad/frying-pan-1-gachibowli"
"267","Mani Chandana Restaurant","North Indian, Chinese",400,"12noon – 11pm (Mon-Sun)",NA,"https://www.zomato.com/hyderabad/mani-chandana-restaurant-gachibowli"
"268","Friends Foods","South Indian",200,"5:30pm – 11:30pm (Mon-Sun)",NA,"https://www.zomato.com/hyderabad/friends-foods-gachibowli"
"269","Madurai Cafe","South Indian, Chinese",250,"12noon – 12midnight (Mon-Sun)",NA,"https://www.zomato.com/hyderabad/madurai-cafe-gachibowli"
"270","Captain Smoothie","Beverages, Fast Food",500,"9am – 1am (Mon-Sun)",NA,"https://www.zomato.com/hyderabad/captain-smoothie-gachibowli"
"271","Zaika 29","North Indian, Chinese, Mughlai",350,"11:30am – 3:30pm, 7pm – 11pm (Mon-Sun)",NA,"https://www.zomato.com/hyderabad/zaika-29-gachibowli"
"272","Rayalaseema Traditional Foods","Andhra, South Indian",600,"10:30am – 3am (Mon-Sun)",NA,"https://www.zomato.com/hyderabad/rayalaseema-traditional-foods-gachibowli"
"273","Food Cave","Chinese, North Indian",300,"5pm – 3:30am (Mon-Sun)",NA,"https://www.zomato.com/hyderabad/food-cave-gachibowli"
"274","Mucho Gusto","Continental, Fast Food, Italian",300,"1pm – 1am (Mon-Sun)",NA,"https://www.zomato.com/hyderabad/mucho-gusto-gachibowli"
"275","Italia - Ellaa Hotels","Italian",1500,"7:30pm – 11pm (Mon-Sun)",NA,"https://www.zomato.com/hyderabad/italia-ellaa-hotels-gachibowli"
"276","Pizza Crust","Pizza",200,"11am – 12midnight (Mon-Sun)",NA,"https://www.zomato.com/hyderabad/pizza-crust-gachibowli"
"277","AutoExpress - Hot Dogs","Fast Food",300,"5:15pm – 9:15pm (Mon-Sun)",NA,"https://www.zomato.com/autoexpress-hot-dogs-3-food-tr"
"278","Godavari Ruchulu","South Indian, Chinese",300,"7am – 4pm (Mon-Sun)",NA,"https://www.zomato.com/hyderabad/godavari-ruchulu-gachibowli"
"279","Palle Vantakallu","Biryani, Chinese",350,"10:30am – 3am (Mon-Sun)",NA,"https://www.zomato.com/hyderabad/palle-vantakallu-gachibowli"
"280","Abu Xpress Shawarma","Arabian, Fast Food",300,"7am – 2am (Mon-Sun)",NA,"https://www.zomato.com/hyderabad/abu-xpress-shawarma-gachibowli"
"281","Minerva Xpress","South Indian",100,"7:30am – 1am (Mon-Sun)",NA,"https://www.zomato.com/hyderabad/minerva-xpress-1-gachibowli"
"282","Food Resto","Fast Food",150,"11am – 12midnight (Mon-Sun)",NA,"https://www.zomato.com/hyderabad/food-resto-1-gachibowli"
"283","Desi Fusion","North Indian, Chinese",250,"10am – 11pm (Mon-Sun)",NA,"https://www.zomato.com/hyderabad/desi-fusion-gachibowli"
"284","Chicken Wala","North Indian, Mughlai, Chinese",350,"11am – 3am (Mon-Sun)",NA,"https://www.zomato.com/hyderabad/chicken-wala-gachibowli"
"285","Suraj Restaurant & Bar","North Indian, Chinese",1000,"11am – 11pm (Mon-Sun)",NA,"https://www.zomato.com/hyderabad/suraj-restaurant-bar-gachibowli"
"286","Beats & Roots","North Indian",450,"12noon – 2am (Mon-Sun)",NA,"https://www.zomato.com/hyderabad/beats-roots-gachibowli"
"287","The Rolling Stoves","Chinese, North Indian",400,"11am – 11pm (Mon-Sun)",NA,"https://www.zomato.com/hyderabad/the-rolling-stoves-gachibowli"
"288","Kokkorokko","South Indian, Chinese",300,"6:30am – 12midnight (Mon-Sun)","Food Hygiene Rated Restaurants in Hyderabad","https://www.zomato.com/hyderabad/kokkorokko-gachibowli"
"289","Annapurna Restaurant","North Indian, Chinese",500,"11am – 12midnight (Mon-Sun)",NA,"https://www.zomato.com/hyderabad/annapurna-restaurant-1-gachibowli"
"290","Shtuff","Chinese, Mexican",400,"12noon – 2:30am (Mon-Sun)",NA,"https://www.zomato.com/shtuff"
"291","DesiFry","North Indian",200,"11am – 11pm (Mon-Sun)",NA,"https://www.zomato.com/hyderabad/desifry-gachibowli"
"292","Punjab Express","North Indian",300,"12midnight – 3am, 12noon – 12midnight...",NA,"https://www.zomato.com/hyderabad/punjab-express-gachibowli"
"293","Baskin Robbins","Desserts, Ice Cream, Beverages",300,"11am – 11pm (Mon-Sun)",NA,"https://www.zomato.com/hyderabad/baskin-robbins-1-gachibowli"
"294","Deli-ciosa","Desserts, Bakery",250,"9:30am – 10:30pm (Mon-Sun)","Food Hygiene Rated Restaurants in Hyderabad","https://www.zomato.com/hyderabad/deli-ciosa-gachibowli"
"295","Hyderabad Darbar","Hyderabadi, Chinese",750,"10am – 11pm (Mon-Sun)",NA,"https://www.zomato.com/hyderabad/hyderabad-darbar-gachibowli"
"296","Swagatam","North Indian, Chinese",500,"11am – 11pm (Mon-Sun)",NA,"https://www.zomato.com/hyderabad/swagatam-gachibowli"
"297","Lassi Shop","Beverages, Sandwich",150,"1pm – 11pm (Mon-Sun)",NA,"https://www.zomato.com/hyderabad/lassi-shop-1-gachibowli"
"298","Jaggi De Parathe","North Indian, Chinese",550,"12noon – 4pm, 7pm – 11pm (Mon-Sun)",NA,"https://www.zomato.com/hyderabad/jaggi-de-parathe-gachibowli"
"299","Food U","Beverages, Juices",300,"8am – 10:30pm (Mon-Sun)",NA,"https://www.zomato.com/hyderabad/food-u-gachibowli"
"300","Punjabi Affair","North Indian, Chinese, Mughlai",800,"12noon – 6pm, 7pm – 11pm (Mon-Sun)",NA,"https://www.zomato.com/hyderabad/punjabi-affair-1-gachibowli"
"301","Baguette Salads","Salad, Healthy Food, Beverages",500,"9am – 11pm (Mon-Sun)",NA,"https://www.zomato.com/hyderabad/baguette-salads-gachibowli"
"302","Kitchen Garden","North Indian",350,"2pm – 12midnight (Mon-Sun)",NA,"https://www.zomato.com/hyderabad/kitchen-garden-gachibowli"
"303","Kebab Pavilion - Ellaa Hotels","Hyderabadi, Mughlai",1200,"11am – 11pm (Mon-Sun)",NA,"https://www.zomato.com/hyderabad/kebab-pavilion-ellaa-hotels-gachibowli"
"304","Waffled","Desserts, Beverages",200,"12noon – 2am (Mon-Sun)",NA,"https://www.zomato.com/hyderabad/waffled-gachibowli"
"305","Bellyful","Chinese, Andhra, North Indian",400,"11am – 1am (Mon-Sun)",NA,"https://www.zomato.com/hyderabad/bellyful-gachibowli"
"306","Areen Kababs And Grill","Kebab, Biryani, North Indian, Mughlai",500,"12noon – 11pm (Mon-Sun)",NA,"https://www.zomato.com/hyderabad/areen-kababs-and-grill-gachibowli"
"307","Roll Zone","Fast Food, Rolls",200,"11am – 10:30pm (Mon-Sun)",NA,"https://www.zomato.com/hyderabad/roll-zone-1-gachibowli"
"308","Bombay Sandwich Company","Sandwich, Desserts, Beverages",400,"8am – 11pm (Mon-Sun)",NA,"https://www.zomato.com/hyderabad/bombay-sandwich-company-gachibowli"
"309","Orange Foods","South Indian, North Indian, Chinese",300,"10:30am – 3am (Mon-Sun)",NA,"https://www.zomato.com/hyderabad/orange-foods-1-gachibowli"
"310","Oye Punjabi","North Indian",200,"11am – 11pm (Mon-Sun)",NA,"https://www.zomato.com/hyderabad/oye-punjabi-gachibowli"
"311","Al-Araab8 Biryani's & Mandi","North Indian, Chinese",500,"11am – 11pm (Mon-Sun)",NA,"https://www.zomato.com/hyderabad/al-araab8-biryanis-mandi-gachibowli"
"312","Seven Hills Delhi Chaat","Street Food",150,"3pm – 9:30pm (Mon-Sun)",NA,"https://www.zomato.com/hyderabad/seven-hills-delhi-chaat-gachibowli"
"313","Exit No 1 Drive in Restaurant","South Indian, North Indian, Chinese, Fast Food",300,"12:30pm – 12midnight (Mon-Sun)",NA,"https://www.zomato.com/hyderabad/exit-no-1-drive-in-restaurant-1-gachibowli"
"314","Taste of Godavari","South Indian",300,"7am – 11pm (Mon-Sun)",NA,"https://www.zomato.com/taste-of-godavari-food-truck"
"315","Woks & Tongs","Chinese",700,"11:30am – 12midnight (Mon-Sun)",NA,"https://www.zomato.com/hyderabad/woks-tongs-gachibowli"
"316","Mehraan Restaurant and Banquets","Chinese, Arabian, Kebab",500,"12noon – 1am (Mon-Sun)",NA,"https://www.zomato.com/hyderabad/mehraan-restaurant-and-banquets-gachibowli"
"317","Salty Pepper","North Indian, Chinese",250,"12noon – 3:30pm (Mon),12midnight – 1am, 11am –...",NA,"https://www.zomato.com/hyderabad/salty-pepper-1-gachibowli"
"318","Leaf Green Hotel","North Indian, Chinese",200,"12noon – 12midnight (Mon-Sun)",NA,"https://www.zomato.com/hyderabad/leaf-green-hotel-gachibowli"
"319","24/7 Shawarma And Migge More","Fast Food, Lebanese",200,"12noon – 3am (Mon-Sun)",NA,"https://www.zomato.com/hyderabad/24-7-shawarma-and-migge-more-gachibowli"
"320","Game Of Kitchens","North Indian, South Indian, Biryani, Chinese",250,"11am – 3am (Mon-Sun)",NA,"https://www.zomato.com/hyderabad/game-of-kitchens-gachibowli"
"321","Jitus Kitchen & Dine","Chettinad",300,"11am – 11pm (Mon-Sun)",NA,"https://www.zomato.com/hyderabad/jitus-kitchen-dine-gachibowli"
"322","Jumboking VadaPav","Street Food",200,"11:55am – 12midnight (Mon-Fri),11:15am –...",NA,"https://www.zomato.com/hyderabad/jumboking-vadapav-gachibowli"
"323","Maharaja Hotel","North Indian, Mughlai",500,"12noon – 4pm, 7pm – 2am (Mon-Sun)",NA,"https://www.zomato.com/hyderabad/maharaja-hotel-gachibowli"
"324","Lassi Corner","Beverages, Desserts, Fast Food",200,"12noon – 2am (Mon-Sun)",NA,"https://www.zomato.com/hyderabad/lassi-corner-1-gachibowli"
"325","World In A Bowl","Continental, American, Italian, Salad, North Indian, Desserts, Beverages",500,"8am – 11pm (Mon-Sun)",NA,"https://www.zomato.com/hyderabad/world-in-a-bowl-gachibowli"
"326","Golden Flames","North Indian, Chinese, Continental",700,"10am – 11pm (Mon-Sun)",NA,"https://www.zomato.com/hyderabad/golden-flames-gachibowli"
"327","INDULGE by InnerChef","Desserts, Bakery, Ice Cream",400,"8am – 11pm (Mon-Sun)",NA,"https://www.zomato.com/hyderabad/indulge-by-innerchef-gachibowli"
"328","D-Lite Frankie","Rolls",150,"12noon – 10pm (Mon-Sun)",NA,"https://www.zomato.com/hyderabad/d-lite-frankie-gachibowli"
"329","Far East Asia","Chinese, Thai, Asian, Sri Lankan, Momos",500,"11:30am – 12midnight (Mon-Sun)",NA,"https://www.zomato.com/hyderabad/far-east-asia-gachibowli"
"330","Gappe Vappe","Street Food",250,"2pm – 10pm (Mon-Fri),12noon – 12midnight (Sat-Sun)",NA,"https://www.zomato.com/hyderabad/gappe-vappe-gachibowli"
"331","Alforno","Fast Food, Italian, Pizza",500,"11am – 2am (Mon-Sun)",NA,"https://www.zomato.com/hyderabad/alforno-gachibowli"
"332","Plate Home","North Indian, South Indian, Chinese",300,"11am – 3:30am (Mon-Sun)",NA,"https://www.zomato.com/hyderabad/plate-home-gachibowli"
"333","Dhaba Shaba","North Indian, Chinese",650,"11am – 2am (Mon-Sun)",NA,"https://www.zomato.com/hyderabad/dhaba-shaba-gachibowli"
"334","Swadisht Biryani And Paratha","North Indian, Hyderabadi, Fast Food",400,"11:30am – 1:30am (Mon-Sun)",NA,"https://www.zomato.com/hyderabad/swadisht-biryani-and-paratha-gachibowli"
"335","Healthy Wealthy.co","Healthy Food, Continental",550,"7am – 3am (Mon-Sun)",NA,"https://www.zomato.com/hyderabad/healthy-wealthy-co-gachibowli"
"336","Rocks - Ellaa Hotels","Finger Food, North Indian, South Indian",1600,"11am – 11pm (Mon-Sun)",NA,"https://www.zomato.com/hyderabad/rocks-ellaa-hotels-gachibowli"
"337","Sri Nellore Mess","Andhra",200,"12noon – 4pm, 8pm – 12midnight (Mon-Sun)",NA,"https://www.zomato.com/hyderabad/sri-nellore-mess-gachibowli"
"338","Tasty Grand Paradise","Chinese, North Indian, Biryani",500,"11:30am – 11:30pm (Mon-Sun)",NA,"https://www.zomato.com/hyderabad/tasty-grand-paradise-gachibowli"
"339","The Gacchi Bowl","North Indian, Kebab, Biryani, Hyderabadi, Mughlai",500,"12noon – 3pm, 7:30pm – 12:30AM (Mon-Sun)",NA,"https://www.zomato.com/hyderabad/the-gacchi-bowl-gachibowli"
"340","Flavorz","Healthy Food",350,"11am – 11pm (Mon-Sun)",NA,"https://www.zomato.com/hyderabad/flavorz-gachibowli"
"341","Bamboo Street","North Indian, Chinese",1200,"12noon – 12midnight (Mon-Fri),12midnight – 1am...",NA,"https://www.zomato.com/hyderabad/bamboo-street-gachibowli"
"342","Anu's Kitchen","North Indian, Chinese",250,"12noon – 11pm (Mon-Sun)",NA,"https://www.zomato.com/hyderabad/anus-kitchen-gachibowli"
"343","7 Eleven","North Indian, Chinese",800,"7am – 12midnight (Mon-Sun)",NA,"https://www.zomato.com/hyderabad/7-eleven-gachibowli"
"344","De Bohemian Cafe","Fast Food, Desserts, Beverages",400,"11:30am – 11pm (Mon-Fri),11:30am – 11:30pm...",NA,"https://www.zomato.com/hyderabad/de-bohemian-cafe-gachibowli"
"345","BBQ Ride","BBQ",200,"7pm – 10pm (Mon-Sun)",NA,"https://www.zomato.com/bbq-ride-food-truck"
"346","Chinese Aroma","Chinese, North Indian, Fast Food",600,"12noon – 12midnight (Mon-Sun)",NA,"https://www.zomato.com/hyderabad/chinese-aroma-gachibowli"
"347","Fire Blast Biryanis","South Indian, Biryani",350,"11am – 2am (Mon-Sun)",NA,"https://www.zomato.com/hyderabad/fire-blast-biryanis-gachibowli"
"348","Aaswada","South Indian",500,"11am – 3pm, 6pm – 11pm (Mon-Sun)",NA,"https://www.zomato.com/hyderabad/aaswada-gachibowli"
"349","New York Slice","Pizza, Beverages",500,"11am – 12midnight (Mon-Sun)",NA,"https://www.zomato.com/hyderabad/new-york-slice-gachibowli"
"350","I Was ( Waffles & Shake ) Here","Desserts, Beverages",200,"12noon – 2am (Mon-Sun)",NA,"https://www.zomato.com/hyderabad/i-was-waffles-shake-here-gachibowli"
"351","Akhil Chinese Fast Food Centre","Chinese",200,"12noon – 11pm (Mon-Sun)",NA,"https://www.zomato.com/hyderabad/akhil-chinese-fast-food-centre-gachibowli"
"352","Wokstars","Asian, Healthy Food",400,"12noon – 3am (Mon-Sun)",NA,"https://www.zomato.com/hyderabad/wokstars-gachibowli"
"353","Shah Ghouse Pantry","Beverages, Desserts, Ice Cream",300,"11am – 9pm (Mon-Sun)",NA,"https://www.zomato.com/hyderabad/shah-ghouse-pantry-gachibowli"
"354","N2 Lounge & Sports Bar","Continental, Chinese, North Indian",1000,"10am – 12midnight (Mon, Tue, Wed, Thu, Sun), 10am...",NA,"https://www.zomato.com/hyderabad/n2-lounge-sports-bar-gachibowli"
"355","Maadhuryam","South Indian, North Indian",200,"7am – 3:30pm, 7pm – 4am (Mon-Sun)",NA,"https://www.zomato.com/hyderabad/maadhuryam-gachibowli"
"356","9th Food Shawarma & Biryani House","Arabian",400,"Closed (Mon),6:30pm – 1am (Tue-Sun)",NA,"https://www.zomato.com/hyderabad/9th-food-shawarma-biryani-house-gachibowli"
"357","Plabo","Fast Food, Chinese",500,"11am – 9pm (Mon-Sun)",NA,"https://www.zomato.com/hyderabad/plabo-gachibowli"
"358","Maha Lakshmi Kitchen","North Indian, Biryani",400,"11am – 4am (Mon-Sat),Closed (Sun)",NA,"https://www.zomato.com/hyderabad/maha-lakshmi-kitchen-gachibowli"
"359","Greens & More","Healthy Food",400,"8am – 7pm (Mon-Sun)",NA,"https://www.zomato.com/hyderabad/greens-more-gachibowli"
"360","Sippy Monks","Beverages",150,"11am – 12midnight (Mon-Sun)",NA,"https://www.zomato.com/hyderabad/sippy-monks-gachibowli"
"361","Cool Sip Juices & More","Beverages, Juices",150,"11am – 11pm (Mon-Sun)",NA,"https://www.zomato.com/hyderabad/cool-sip-juices-more-gachibowli"
"362","Fuv Kitchen","North Indian, Continental",300,"10:30am – 1:30am (Mon-Sun)",NA,"https://www.zomato.com/hyderabad/fuv-kitchen-2-gachibowli"
"363","Haleem By Cafe 555","Hyderabadi",400,"4pm – 1am (Mon-Sun)",NA,"https://www.zomato.com/hyderabad/haleem-by-cafe-555-gachibowli"
"364","Kitchens Of Rajdoot","North Indian, Chinese",300,"6pm – 4am (Mon-Sun)",NA,"https://www.zomato.com/hyderabad/kitchens-of-rajdoot-gachibowli"
"365","Cone Pizza","Fast Food",250,"3pm – 1am (Mon-Sun)",NA,"https://www.zomato.com/hyderabad/cone-pizza-gachibowli"
"366","Milap Foodies","Street Food",300,"6pm – 5am (Mon-Sun)",NA,"https://www.zomato.com/hyderabad/milap-foodies-gachibowli"
"367","Cabrito Al Mataam","Hyderabadi, Seafood",500,"12noon – 1am (Mon-Sun)",NA,"https://www.zomato.com/hyderabad/cabrito-al-mataam-gachibowli"
"368","Hungry Souls Shawarmas","Fast Food, Lebanese",300,"11am – 2am (Mon-Sun)",NA,"https://www.zomato.com/hyderabad/hungry-souls-shawarmas-gachibowli"
"369","Food Wizard","Fast Food, Sandwich, Burger, Rolls, Beverages",200,"12noon – 12midnight (Mon-Sun)",NA,"https://www.zomato.com/hyderabad/food-wizard-gachibowli"
"370","Aroma Multicusine Restaurant","North Indian, Biryani, Continental, Chinese",1300,"8am – 11pm (Mon-Sun)",NA,"https://www.zomato.com/hyderabad/aroma-multicusine-restaurant-gachibowli"
"371","Delicio Taco Truck","Mexican",250,"5pm – 12:45AM (Mon-Sat),Closed (Sun)",NA,"https://www.zomato.com/delicio-taco-truck-food-truck"
"372","Flames & Pots","Chinese, North Indian, Biryani",300,"12noon – 11pm (Mon-Sun)",NA,"https://www.zomato.com/hyderabad/flames-pots-gachibowli"
"373","The Burger Studio","Burger, Fast Food, North Indian, Mughlai",350,"11am – 12midnight (Mon-Sat),Closed (Sun)",NA,"https://www.zomato.com/hyderabad/the-burger-studio-1-gachibowli"
"374","Mr. Milkshake","Beverages",250,"1pm – 1am (Mon-Sun)",NA,"https://www.zomato.com/hyderabad/mr-milkshake-gachibowli"
"375","Jai Bhavani  Tiffin Centre","Chinese",250,"10am – 10:30pm (Mon-Sun)",NA,"https://www.zomato.com/hyderabad/jai-bhavani-tiffin-centre-gachibowli"
"376","HungrySpoon - Radisson Hyderabad Hitec City","North Indian, Continental",800,"11am – 12midnight (Mon-Sun)",NA,"https://www.zomato.com/hyderabad/hungryspoon-radisson-hyderabad-hitec-city-gachibowli"
"377","Express Shawarma","Lebanese, Rolls",200,"12noon – 12midnight (Mon-Sun)",NA,"https://www.zomato.com/hyderabad/express-shawarma-gachibowli"
"378","Maggis & Momos","Fast Food",200,"10am – 2am (Mon, Sat, Sun), 11am – 4am (Tue-Fri)",NA,"https://www.zomato.com/hyderabad/maggis-momos-gachibowli"
"379","Hanu Kings Burger","Fast Food",400,"10am – 12midnight (Mon-Sun)",NA,"https://www.zomato.com/hyderabad/hanu-kings-burger-gachibowli"
"380","Chef Bakers","Bakery, Fast Food",350,"11am – 11pm (Mon-Sun)",NA,"https://www.zomato.com/hyderabad/chef-bakers-gachibowli"
"381","Velocity On 15 - Radisson Hyderabad Hitec City","North Indian, Finger Food, Fast Food",1500,"5pm – 11:30pm (Mon-Sun)",NA,"https://www.zomato.com/hyderabad/velocity-on-15-radisson-hyderabad-hitec-city-gachibowli"
"382","Maa Vuri Ruchulu","North Indian",500,"6pm – 4am (Mon-Sun)",NA,"https://www.zomato.com/hyderabad/maa-vuri-ruchulu-gachibowli"
"383","Nourish","Beverages, Juices, Fast Food",200,"11am – 11pm (Mon-Sun)",NA,"https://www.zomato.com/hyderabad/nourish-gachibowli"
"384","Samosa Express","Street Food",150,"12noon – 11pm (Mon-Sun)",NA,"https://www.zomato.com/hyderabad/samosa-express-1-gachibowli"
"385","TAG- Chinese Wok","Chinese",400,"11am – 2am (Mon-Sun)",NA,"https://www.zomato.com/hyderabad/tag-chinese-wok-gachibowli"
"386","Cook Manager","Chinese, North Indian, South Indian",600,"11am – 11pm (Mon-Sun)","Food Hygiene Rated Restaurants in Hyderabad","https://www.zomato.com/hyderabad/cook-manager-gachibowli"
"387","Dil Chatora","Street Food, Fast Food",350,"12:30pm – 10pm (Mon-Sun)",NA,"https://www.zomato.com/hyderabad/dil-chatora-1-gachibowli"
"388","South Indian Kitchen","South Indian, Hyderabadi",300,"12noon – 2am (Mon-Sun)",NA,"https://www.zomato.com/hyderabad/south-indian-kitchen-gachibowli"
"389","Alleppey Restaurant","South Indian, Kerala",200,"12noon – 10:30pm (Mon-Sun)",NA,"https://www.zomato.com/hyderabad/alleppey-restaurant-gachibowli"
"390","Al-Labbaik Shawarma","Arabian",200,"1pm – 11pm (Mon-Sun)",NA,"https://www.zomato.com/hyderabad/al-labbaik-shawarma-gachibowli"
"391","Khatta Meetha Chaat","Street Food",200,"7:30am – 1am (Mon-Sun)",NA,"https://www.zomato.com/hyderabad/khatta-meetha-chaat-gachibowli"
"392","Tiffins Square","South Indian",500,"11am – 2am (Mon-Sun)",NA,"https://www.zomato.com/hyderabad/tiffins-square-gachibowli"
"393","Kwality Wall's Swirl's","Ice Cream, Desserts",250,"11am – 10pm (Mon-Sun)",NA,"https://www.zomato.com/hyderabad/kwality-walls-swirls-gachibowli"
"394","Thanco's Natural Ice Cream","Desserts, Ice Cream",300,"11am – 1am (Mon-Sun)",NA,"https://www.zomato.com/hyderabad/thancos-natural-ice-cream-gachibowli"
"395","Brown Bear","Bakery, Desserts",150,"9am – 10pm (Mon-Sun)",NA,"https://www.zomato.com/hyderabad/brown-bear-gachibowli"
"396","Renuka Snax Bar","Fast Food",300,"7am – 11pm (Mon-Sun)",NA,"https://www.zomato.com/hyderabad/renuka-snax-bar-gachibowli"
"397","Harries Kitchen","Fast Food, Beverages, Juices, Sandwich",200,"11am – 2am (Mon-Sun)",NA,"https://www.zomato.com/hyderabad/harries-kitchen-gachibowli"
"398","Chotemiyan Kebabs","Kebab, North Indian",400,"5pm – 2am (Mon-Sun)",NA,"https://www.zomato.com/hyderabad/chotemiyan-kebabs-gachibowli"
"399","Nimantran","Bengali",250,"6am – 10:30pm (Mon-Sun)",NA,"https://www.zomato.com/hyderabad/nimantran-gachibowli"
"400","L House (Kebab & More)","North Indian",300,"Closed (Mon),6pm – 12midnight (Tue-Sun)",NA,"https://www.zomato.com/hyderabad/l-house-kebab-more-gachibowli"
"401","Makers of Milkshakes","Beverages, Desserts",300,"12noon – 12midnight (Mon-Sun)",NA,"https://www.zomato.com/hyderabad/makers-of-milkshakes-3-gachibowli"
"402","Singh Saab","North Indian, Biryani",600,"11am – 1am (Mon-Sun)",NA,"https://www.zomato.com/hyderabad/singh-saab-1-gachibowli"
"403","Pulse Juice Bar","Beverages, Juices",150,"11am – 11:30pm (Mon-Sun)",NA,"https://www.zomato.com/hyderabad/pulse-juice-bar-gachibowli"
"404","Madras Coffee House","Street Food, Beverages",100,"6am – 11pm (Mon-Sun)",NA,"https://www.zomato.com/hyderabad/madras-coffee-house-gachibowli"
"405","The Chaiwalas","Street Food",100,"24 Hours (Mon-Sun)",NA,"https://www.zomato.com/hyderabad/the-chaiwalas-gachibowli"
"406","Sweet Magic Sweets","Mithai, Fast Food",300,"11am – 11pm (Mon-Sun)",NA,"https://www.zomato.com/hyderabad/sweet-magic-sweets-gachibowli"
"407","Biryani Bowl","North Indian, Biryani, Chinese, Mughlai",650,"12noon – 12midnight (Mon-Sun)",NA,"https://www.zomato.com/hyderabad/biryani-bowl-gachibowli"
"408","Fuel Factory","Beverages, Fast Food, Desserts",400,"11am – 11pm (Mon-Sun)",NA,"https://www.zomato.com/hyderabad/fuel-factory-gachibowli"
"409","Shanghai Club","Chinese, North Indian, Biryani",500,"12noon – 2am (Mon-Sun)",NA,"https://www.zomato.com/hyderabad/shanghai-club-gachibowli"
"410","SSP Kitchen & Dosa Station","South Indian, North Indian, Chinese",550,"7pm – 3am (Mon-Sun)",NA,"https://www.zomato.com/hyderabad/ssp-kitchen-dosa-station-gachibowli"
"411","Little China Kitchen","Chinese",400,"11am – 11:30pm (Mon-Tue),11:22am – 11:40pm...",NA,"https://www.zomato.com/hyderabad/little-china-kitchen-gachibowli"
"412","KGN food court","Chinese, North Indian",250,"12noon – 3am (Mon-Sun)",NA,"https://www.zomato.com/hyderabad/kgn-food-court-gachibowli"
"413","Sanjos Donuts","Desserts",400,"9am – 3am (Mon-Sun)",NA,"https://www.zomato.com/hyderabad/sanjos-donuts-gachibowli"
"414","Mexico's Chicken Poppers","Fast Food",400,"11am – 11pm (Mon-Sun)",NA,"https://www.zomato.com/hyderabad/mexicos-chicken-poppers-2-gachibowli"
"415","Cold N Creamy Shakes","Desserts, Ice Cream",200,"11am – 12midnight (Mon-Sun)",NA,"https://www.zomato.com/hyderabad/cold-n-creamy-shakes-gachibowli"
"416","R K Chinese Fast Food","Chinese",150,"8am – 10:30pm (Mon-Sun)",NA,"https://www.zomato.com/hyderabad/r-k-chinese-fast-food-gachibowli"
"417","Tropical Chinese","Biryani, North Indian, Fast Food",550,"6pm – 4am (Mon-Sun)",NA,"https://www.zomato.com/hyderabad/tropical-chinese-gachibowli"
"418","Cake world","Bakery",550,"10am – 2am (Mon-Sun)",NA,"https://www.zomato.com/hyderabad/cake-world-gachibowli"
"419","Vegetarian Point","South Indian, Fast Food",300,"11am – 3am (Mon-Sun)",NA,"https://www.zomato.com/hyderabad/vegetarian-point-gachibowli"
"420","Ya Shawarma Stop and Arabian Delight","Lebanese, Arabian",300,"2pm – 11pm (Mon-Sun)",NA,"https://www.zomato.com/hyderabad/ya-shawarma-stop-and-arabian-delight-gachibowli"
"421","Ice Factory","Ice Cream",150,"12noon – 3am (Mon-Sun)",NA,"https://www.zomato.com/hyderabad/ice-factory-gachibowli"
"422","Smoky Pitara Takeaway","Continental, Italian, Chinese",1000,"12noon – 2am (Mon-Sun)",NA,"https://www.zomato.com/hyderabad/smoky-pitara-takeaway-gachibowli"
"423","Babai Abbai","South Indian, North Indian, Seafood, Chinese",600,"12noon – 4pm, 7pm – 11pm (Mon-Sun)",NA,"https://www.zomato.com/hyderabad/babai-abbai-gachibowli"
"424","Drunken Monkey","Juices, Healthy Food",400,"8am – 1am (Mon-Sun)",NA,"https://www.zomato.com/hyderabad/drunken-monkey-gachibowli"
"425","Khaanaghar","North Indian, Chinese",300,"12noon – 3pm, 7pm – 3am (Mon-Sun)",NA,"https://www.zomato.com/hyderabad/khaanaghar-gachibowli"
"426","Frigid Zone","Beverages, Desserts",250,"11:30am – 11:30pm (Mon-Sun)",NA,"https://www.zomato.com/hyderabad/frigid-zone-gachibowli"
"427","The Frankey House","North Indian, Chinese",200,"11am – 11pm (Mon-Sun)",NA,"https://www.zomato.com/hyderabad/the-frankey-house-gachibowli"
"428","Dairy Den","Ice Cream, Desserts, Fast Food",250,"11am – 11pm (Mon-Sun)",NA,"https://www.zomato.com/hyderabad/dairy-den-gachibowli"
"429","Food Factory","North Indian, Biryani, Chinese",500,"6pm – 4am (Mon-Sun)",NA,"https://www.zomato.com/hyderabad/food-factory-gachibowli"
"430","5 Star Sambar","South Indian",400,"11am – 3pm (Mon-Sun)",NA,"https://www.zomato.com/hyderabad/5-star-sambar-gachibowli"
"431","Grill n Fire","Chinese, North Indian, Seafood, Biryani",400,"12noon – 12midnight (Mon-Sun)",NA,"https://www.zomato.com/hyderabad/grill-n-fire-gachibowli"
"432","Hashtag Biryani","Biryani",200,"11am – 11pm (Mon-Sun)",NA,"https://www.zomato.com/hyderabad/hashtag-biryani-gachibowli"
"433","Sky Secrets","North Indian, Chinese",750,"11am – 11pm (Mon-Sun)",NA,"https://www.zomato.com/hyderabad/sky-secrets-gachibowli"
"434","Kothakota","North Indian, Hyderabadi",600,"11am – 2am (Mon-Sun)",NA,"https://www.zomato.com/hyderabad/kothakota-gachibowli"
"435","Chef House","North Indian, South Indian, Chinese, Continental",600,"11am – 1am (Mon-Sun)",NA,"https://www.zomato.com/hyderabad/chef-house-gachibowli"
"436","It's Cakery","Bakery",200,"12noon – 12midnight (Mon-Sun)",NA,"https://www.zomato.com/its-cakery"
"437","Babai Pulao","Street Food, North Indian, Hyderabadi",450,"11am – 2am (Mon-Sun)",NA,"https://www.zomato.com/hyderabad/babai-pulao-gachibowli"
"438","JoosVoos","Juices",200,"3pm – 12midnight (Mon-Sun)",NA,"https://www.zomato.com/hyderabad/joosvoos-gachibowli"
"439","Coastal Kitchen","South Indian, Seafood, North Indian, Chinese",500,"12noon – 11pm (Mon-Sun)",NA,"https://www.zomato.com/hyderabad/coastal-kitchen-gachibowli"
"440","Happy Foods","Biryani, North Indian",600,"24 Hours (Mon-Sun)",NA,"https://www.zomato.com/hyderabad/happy-foods-gachibowli"
"441","What the Food","South Indian",100,"5pm – 10pm (Mon-Sun)",NA,"https://www.zomato.com/hyderabad/what-the-food-2-gachibowli"
"442","Sri Venkateswara Tiffins & Meals","South Indian, North Indian",100,"8am – 11pm (Mon-Sun)",NA,"https://www.zomato.com/hyderabad/sri-venkateswara-tiffins-meals-gachibowli"
"443","Josh Restaurant","Fast Food, Beverages",250,"10am – 2am (Mon-Sun)",NA,"https://www.zomato.com/hyderabad/josh-restaurant-gachibowli"
"444","Chai Raja","Tea, Sandwich",250,"8am – 1am (Mon-Sun)",NA,"https://www.zomato.com/hyderabad/chai-raja-gachibowli"
"445","Lassi Day Cafe","Beverages",150,"10am – 10pm (Mon-Sun)",NA,"https://www.zomato.com/hyderabad/lassi-day-cafe-gachibowli"
"446","Gran Barbeque","Fast Food, BBQ",300,"11am – 2am (Mon-Sun)",NA,"https://www.zomato.com/hyderabad/gran-barbeque-gachibowli"
"447","The Heaven Of Chinese","Chinese",300,"12noon – 3:30pm, 7pm – 3:30am (Mon-Sun)",NA,"https://www.zomato.com/hyderabad/the-heaven-of-chinese-gachibowli"
"448","US Pizza","Pizza, Fast Food",800,"11am – 10pm (Mon-Sun)",NA,"https://www.zomato.com/hyderabad/us-pizza-4-gachibowli"
"449","Steam Station","Street Food, Momos",200,"8am – 1am (Mon-Sun)",NA,"https://www.zomato.com/hyderabad/steam-station-gachibowli"
"450","Backyard Food Co.","North Indian, Street Food",400,"2:30pm – 11pm (Mon-Sun)",NA,"https://www.zomato.com/hyderabad/backyard-food-co-1-gachibowli"
"451","Sri Santosh Family Dhaba","North Indian",400,"10am – 12midnight (Mon-Sun)",NA,"https://www.zomato.com/hyderabad/sri-santosh-family-dhaba-gachibowli"
"452","Veeraj Restaurant","North Indian, Chinese, Seafood",900,"8am – 10:30pm (Mon-Sun)",NA,"https://www.zomato.com/hyderabad/veeraj-restaurant-gachibowli"
"453","Qurioseaty","South Indian",200,"12noon – 11pm (Mon-Sun)",NA,"https://www.zomato.com/hyderabad/qurioseaty-gachibowli"
"454","Shakes & More","Beverages",200,"1pm – 3am (Mon-Sun)",NA,"https://www.zomato.com/hyderabad/shakes-more-gachibowli"
"455","Southern Chefs","South Indian, North Indian, Chinese",800,"7:30am – 12midnight (Mon-Sun)",NA,"https://www.zomato.com/hyderabad/southern-chefs-gachibowli"
"456","Shotz 52","Beverages, Healthy Food",300,"11am – 12midnight (Mon-Sat),Closed (Sun)",NA,"https://www.zomato.com/hyderabad/shotz-52-gachibowli"
"457","Laziz Food Court","North Indian",350,"12midnight – 3am, 10am – 12midnight (Mon, Wed...",NA,"https://www.zomato.com/hyderabad/laziz-food-court-gachibowli"
"458","Sri Sai Lokanth","North Indian, Chinese",200,"6am – 10:30pm (Mon-Sun)",NA,"https://www.zomato.com/hyderabad/sri-sai-lokanth-gachibowli"
"459","Lunch Box","South Indian, North Indian, Biryani",350,"6am – 11pm (Mon-Sun)",NA,"https://www.zomato.com/hyderabad/lunch-box-gachibowli"
"460","Roaming Hunger","South Indian",150,"6:30pm – 11pm (Mon-Sat),Closed (Sun)",NA,"https://www.zomato.com/roaming-hunger-1-food-truck"
"461","Rasavat","North Indian",200,"12noon – 11pm (Mon-Sun)",NA,"https://www.zomato.com/hyderabad/rasavat-gachibowli"
"462","Ess-Jee Shawarma ","Rolls, Fast Food",300,"8:30am – 11:30pm (Mon-Sun)",NA,"https://www.zomato.com/hyderabad/ess-jee-shawarma-gachibowli"
"463","Little Hut Shawarma And Shakes","Lebanese, Beverages",300,"11am – 11pm (Mon-Sun)",NA,"https://www.zomato.com/hyderabad/little-hut-shawarma-and-shakes-gachibowli"
"464","Chai Factory","Tea, Beverages, Street Food",200,"12noon – 11pm (Mon-Sun)",NA,"https://www.zomato.com/hyderabad/chai-factory-gachibowli"
"465","Grand Corner Bakers","Bakery, Desserts",350,"11am – 3am (Mon-Sun)",NA,"https://www.zomato.com/hyderabad/grand-corner-bakers-gachibowli"
"466","Masqati Ice Cream","Ice Cream",450,"11am – 11pm (Mon-Sun)",NA,"https://www.zomato.com/hyderabad/masqati-ice-cream-gachibowli"
"467","Indori Zaika","North Indian, Fast Food",100,"9:30am – 11pm (Mon-Sun)",NA,"https://www.zomato.com/hyderabad/indori-zaika-1-gachibowli"
"468","UBQ by Barbeque Nation","North Indian, Kebab, Biryani, BBQ",400,"12noon – 3:30pm, 6:30pm – 10:30pm (Mon-Sun)",NA,"https://www.zomato.com/hyderabad/ubq-by-barbeque-nation-gachibowli"
"469","House Of Pops","Ice Cream",350,"11am – 12midnight (Mon-Sun)",NA,"https://www.zomato.com/hyderabad/house-of-pops-gachibowli"
"470","Shah Ghouse Pan Palace","Paan",100,"8am – 10pm (Mon-Sun)",NA,"https://www.zomato.com/hyderabad/shah-ghouse-pan-palace-gachibowli"
"471","Zoey's Bakehouse","Bakery, Desserts",400,"9am – 8pm (Mon-Sun)",NA,"https://www.zomato.com/hyderabad/zoeys-bakehouse-gachibowli"
"472","Healthy Shakes","Beverages",200,"3pm – 11pm (Mon-Sun)",NA,"https://www.zomato.com/hyderabad/healthy-shakes-gachibowli"
"473","Chinese Republic Kitchen","Chinese",300,"11am – 11pm (Mon-Sun)",NA,"https://www.zomato.com/hyderabad/chinese-republic-kitchen-gachibowli"
"474","Jai Bhawani Chinese Fast Food And Rotis","Chinese, North Indian",150,"6:30pm – 11pm (Mon-Sun)",NA,"https://www.zomato.com/hyderabad/jai-bhawani-chinese-fast-food-and-rotis-gachibowli"
"475","Cyber Ecstasy","North Indian, Chinese",750,"11am – 11pm (Mon-Sun)",NA,"https://www.zomato.com/hyderabad/cyber-ecstasy-gachibowli"
"476","The Coconut Company","Beverages",200,"10am – 2am (Mon-Sun)",NA,"https://www.zomato.com/hyderabad/the-coconut-company-gachibowli"
"477","Kebab Ghar","Kebab, North Indian",600,"11am – 12midnight (Mon-Sun)",NA,"https://www.zomato.com/hyderabad/kebab-ghar-gachibowli"
"478","Frosty Thrills","Ice Cream, Desserts, Beverages",250,"11am – 2am (Mon-Sun)",NA,"https://www.zomato.com/hyderabad/frosty-thrills-gachibowli"
"479","Lakshmi Narasimha Tiffins","South Indian, Street Food",350,"6:15am – 12midnight (Mon-Sun)",NA,"https://www.zomato.com/hyderabad/lakshmi-narasimha-tiffins-gachibowli"
"480","Book 4 Meal","North Indian, Chinese",350,"11:30am – 11pm (Mon-Sun)",NA,"https://www.zomato.com/hyderabad/book-4-meal-gachibowli"
"481","Indian Food Factory","Chinese",200,"6pm – 4am (Mon-Sun)",NA,"https://www.zomato.com/hyderabad/indian-food-factory-gachibowli"
"482","Taste of Punjab","North Indian",300,"11am – 10pm (Mon-Sun)",NA,"https://www.zomato.com/hyderabad/taste-of-punjab-gachibowli"
"483","Laziz Parathas","North Indian",350,"10am – 3am (Mon-Sun)",NA,"https://www.zomato.com/hyderabad/laziz-parathas-gachibowli"
"484","The Plate Company","Hyderabadi",200,"11am – 3pm, 7pm – 4am (Mon-Sun)",NA,"https://www.zomato.com/hyderabad/the-plate-company-gachibowli"
"485","Nala Bhimas","South Indian, North Indian",300,"12noon – 11pm (Mon-Sun)",NA,"https://www.zomato.com/hyderabad/nala-bhimas-gachibowli"
"486","Palamuru Pakodi","Fast Food",500,"1pm – 3am (Mon-Sun)",NA,"https://www.zomato.com/hyderabad/palamuru-pakodi-gachibowli"
"487","The Kolkata Rolls","Rolls, Fast Food",100,"1pm – 3am (Mon-Sun)",NA,"https://www.zomato.com/hyderabad/the-kolkata-rolls-gachibowli"
"488","Madhu's Kitchen","Chinese, North Indian, South Indian",250,"12noon – 2am (Mon-Sun)",NA,"https://www.zomato.com/hyderabad/madhus-kitchen-gachibowli"
"489","Adraq by OYO","North Indian",400,"12noon – 3:30pm, 7pm – 11pm (Mon-Sun)",NA,"https://www.zomato.com/hyderabad/adraq-by-oyo-gachibowli"
"490","Beirut Express","Arabian, Lebanese",500,"11am – 12midnight (Mon-Sun)",NA,"https://www.zomato.com/hyderabad/beirut-express-gachibowli"
"491","SD Milkshakes","Beverages, Fast Food",200,"10:30am – 12midnight (Mon-Sun)",NA,"https://www.zomato.com/hyderabad/sd-milkshakes-gachibowli"
"492","TCB - THE CRAFTED BOTTLE","Juices",200,"7am – 9pm (Mon-Sun)",NA,"https://www.zomato.com/hyderabad/tcb-the-crafted-bottle-gachibowli"
"493","Darleys Ice Cream","Desserts, Ice Cream",150,"11am – 2am (Mon-Sun)",NA,"https://www.zomato.com/hyderabad/darleys-ice-cream-gachibowli"
"494","Shakes Stories","Fast Food, Beverages",500,"1pm – 3am (Mon-Sun)",NA,"https://www.zomato.com/hyderabad/shakes-stories-gachibowli"
"495","Asian Kitchen","North Indian, South Indian, Chinese",400,"11am – 11pm (Mon-Sun)",NA,"https://www.zomato.com/hyderabad/asian-kitchen-gachibowli"
"496","Old Fox","Biryani",250,"11am – 11pm (Mon-Sun)",NA,"https://www.zomato.com/hyderabad/old-fox-gachibowli"
"497","Lakshmi House Of Biryani & Pulav","North Indian, South Indian",400,"11am – 11pm (Mon-Sun)",NA,"https://www.zomato.com/hyderabad/lakshmi-house-of-biryani-pulav-gachibowli"
"498","Hotbux Rolls and Snacks","Rolls",150,"1pm – 10pm (Mon-Sun)",NA,"https://www.zomato.com/hyderabad/hotbux-rolls-and-snacks-gachibowli"
"499","ZAN Food Court & Desserts Juice","Juices, Desserts",200,"12:30pm – 12:30AM (Mon-Sun)",NA,"https://www.zomato.com/hyderabad/zan-food-court-desserts-juice-gachibowli"
"500","Hotel Sitara Grand","North Indian, Chinese",800,"11am – 11pm (Mon-Sun)",NA,"https://www.zomato.com/hyderabad/hotel-sitara-grand-gachibowli"
"501","Sri Balaji Family Dhaba","North Indian",350,"7:30am – 11:45pm (Mon-Sun)",NA,"https://www.zomato.com/hyderabad/sri-balaji-family-dhaba-gachibowli"
"502","Sri Tirumala Food Court & Caterers","South Indian",200,"7:45am – 11pm (Mon-Sat), (Sun)",NA,"https://www.zomato.com/hyderabad/sri-tirumala-food-court-caterers-gachibowli"
"503","Chic N Cone","Fast Food",200,"11am – 10pm (Mon-Sun)",NA,"https://www.zomato.com/hyderabad/chic-n-cone-gachibowli"
"504","Quality Rolls","Rolls",250,"4pm – 10:30pm (Mon-Sun)",NA,"https://www.zomato.com/hyderabad/quality-rolls-gachibowli"
"505","Irani Chai","Beverages",100,"11am – 11pm (Mon-Sun)",NA,"https://www.zomato.com/hyderabad/irani-chai-gachibowli"
"506","Software  Engineer Da Dhaba","Street Food",150,"12noon – 11pm (Mon-Sun)",NA,"https://www.zomato.com/hyderabad/software-engineer-da-dhaba-gachibowli"
"507","Health-E-Foods","South Indian",150,"6am – 12:30pm, 5pm – 9:30pm (Mon-Sun)",NA,"https://www.zomato.com/hyderabad/health-e-foods-gachibowli"
"508","Scoops N Shakes","Desserts, Beverages",250,"12noon – 4am (Mon-Sun)",NA,"https://www.zomato.com/hyderabad/scoops-n-shakes-gachibowli"
"509","Cake World Bakery","Bakery, Desserts",300,"10am – 2am (Mon-Sun)",NA,"https://www.zomato.com/hyderabad/cake-world-bakery-1-gachibowli"
"510","Alladin Shawarma","North Indian",300,"11am – 11pm (Mon-Sun)",NA,"https://www.zomato.com/hyderabad/alladin-shawarma-gachibowli"
"511","MC Wich","Sandwich, Fast Food",200,"7:30am – 1:30pm (Mon-Sun)",NA,"https://www.zomato.com/hyderabad/mc-wich-gachibowli"
"512","99Teas","Tea, Beverages",150,"12noon – 1:30am (Mon-Sat),Closed (Sun)",NA,"https://www.zomato.com/hyderabad/99teas-gachibowli"
"513","Brownie Store","Desserts",150,"7pm – 11pm (Mon-Sun)",NA,"https://www.zomato.com/hyderabad/brownie-store-gachibowli"
"514","Shawarma.inn","Lebanese, Arabian",300,"1pm – 12midnight (Mon-Sun)",NA,"https://www.zomato.com/hyderabad/shawarma-inn-gachibowli"
"515","Cook N Fire","Chinese, North Indian",250,"11am – 2am (Mon-Sun)",NA,"https://www.zomato.com/hyderabad/cook-n-fire-1-gachibowli"
"516","Onepm","South Indian, Andhra",200,"12:30pm – 11pm (Mon-Sun)",NA,"https://www.zomato.com/hyderabad/onepm-gachibowli"
"517","Royal Shawarma Corner","Arabian",250,"4pm – 12midnight (Mon-Sun)",NA,"https://www.zomato.com/hyderabad/royal-shawarma-corner-gachibowli"
"518","Manasa Grand","South Indian",200,"8am – 11pm (Mon-Sun)",NA,"https://www.zomato.com/hyderabad/manasa-grand-gachibowli"
"519","Akshaya Restaurant","South Indian",300,"8am – 11pm (Mon-Sun)",NA,"https://www.zomato.com/hyderabad/akshaya-restaurant-1-gachibowli"
"520","Hatti Kaapi","South Indian, Beverages",250,"24 Hours (Mon-Sun)",NA,"https://www.zomato.com/hyderabad/hatti-kaapi-2-gachibowli"
"521","Raw Bytes","Juices, Beverages",150,"11am – 11pm (Mon-Sun)",NA,"https://www.zomato.com/hyderabad/raw-bytes-gachibowli"
"522","Hotel Balaji","North Indian, Chinese",400,"11am – 12:30AM (Mon-Sun)",NA,"https://www.zomato.com/hyderabad/hotel-balaji-gachibowli"
"523","Being Foodie Biryanis","Biryani, Fast Food",300,"7pm – 1am (Mon-Sun)",NA,"https://www.zomato.com/hyderabad/being-foodie-biryanis-gachibowli"
"524","Be'wiched","North Indian",400,"11am – 11pm (Mon-Sun)",NA,"https://www.zomato.com/hyderabad/bewiched-gachibowli"
"525","Yummi Shawarma Hub","Lebanese, Fast Food",350,"11am – 11pm (Mon-Sun)",NA,"https://www.zomato.com/hyderabad/yummi-shawarma-hub-gachibowli"
"526","Apna Dosa","South Indian",250,"5pm – 11pm (Mon-Sat),Closed (Sun)",NA,"https://www.zomato.com/hyderabad/apna-dosa-gachibowli"
"527","Creamery Thickshake Zone","Beverages, Desserts",300,"4pm – 11pm (Mon-Sun)",NA,"https://www.zomato.com/hyderabad/creamery-thickshake-zone-gachibowli"
"528","#Hunger Cure","North Indian, Chinese",500,"8am – 11:30pm (Mon),8am – 12midnight (Tue-Sun)",NA,"https://www.zomato.com/hyderabad/hunger-cure-1-gachibowli"
"529","O'Biryani by OYO","Biryani",500,"12noon – 11pm (Mon-Sun)",NA,"https://www.zomato.com/hyderabad/obiryani-by-oyo-gachibowli"
"530","The Chinese Bowl","Chinese",400,"10am – 2am (Mon, Fri, Sat, Sun), 12noon – 11pm...",NA,"https://www.zomato.com/hyderabad/the-chinese-bowl-gachibowli"
"531","Food Pepper","North Indian, South Indian, Healthy Food",400,"11am – 11pm (Mon-Sun)",NA,"https://www.zomato.com/hyderabad/food-pepper-gachibowli"
"532","Say Samosay","Street Food",100,"12noon – 8pm (Mon-Sun)",NA,"https://www.zomato.com/hyderabad/say-samosay-gachibowli"
"533","London Bubble Co.","Desserts, Bubble Tea",400,"12noon – 12midnight (Mon-Sun)",NA,"https://www.zomato.com/hyderabad/london-bubble-co-gachibowli"
"534","House of Dosas","South Indian",150,"7am – 11pm (Mon-Sun)",NA,"https://www.zomato.com/hyderabad/house-of-dosas-gachibowli"
"535","Sizziling China","Chinese",400,"1:30pm – 11:30am (Mon-Sun)",NA,"https://www.zomato.com/hyderabad/sizziling-china-gachibowli"
"536","The J","Fast Food, Beverages",400,"12noon – 3am (Mon-Sun)",NA,"https://www.zomato.com/hyderabad/the-j-gachibowli"
"537","Indochi","North Indian, Chinese",700,"11:30am – 3:30pm, 7pm – 2am (Mon-Sun)",NA,"https://www.zomato.com/hyderabad/indochi-gachibowli"
"538","Dark Stone","Desserts, Beverages",300,"12noon – 12midnight (Mon-Sun)",NA,"https://www.zomato.com/hyderabad/dark-stone-gachibowli"
"539","Happy Eats","North Indian, Continental",300,"8am – 11pm (Mon-Sun)",NA,"https://www.zomato.com/hyderabad/happy-eats-gachibowli"
"540","Kuchkus Kitchen","North Indian",200,"11am – 11pm (Mon-Sun)",NA,"https://www.zomato.com/hyderabad/kuchkus-kitchen-gachibowli"
"541","Kakathiya Food Court","North Indian, Mughlai",500,"11am – 11pm (Mon-Sun)",NA,"https://www.zomato.com/hyderabad/kakathiya-food-court-gachibowli"
"542","Millet Street","North Indian",500,"10:30am – 10pm (Mon-Sun)",NA,"https://www.zomato.com/hyderabad/millet-street-gachibowli"
"543","M.A Food Hub","Biryani, Chinese",350,NA,NA,"https://www.zomato.com/hyderabad/m-a-food-hub-gachibowli"
"544","The Tea Planet","Tea",150,"2pm – 12midnight (Mon-Sun)",NA,"https://www.zomato.com/hyderabad/the-tea-planet-1-gachibowli"
"545","Gujrati Food & Snack","Street Food, Fast Food",250,"4pm – 10pm (Mon-Sun)",NA,"https://www.zomato.com/hyderabad/gujrati-food-snack-gachibowli"
"546","Sukha Sagara","South Indian, Chinese",200,"6am – 11pm (Mon-Sun)",NA,"https://www.zomato.com/hyderabad/sukha-sagara-gachibowli"
"547","Menu Home Cooked","North Indian, South Indian",350,"11am – 10pm (Mon, Wed, Thu, Fri, Sat, Sun), Closed...",NA,"https://www.zomato.com/hyderabad/menu-home-cooked-gachibowli"
"548","Y9 Multicuisine Restaurant","Biryani, Australian, Chinese, Arabian, Tea",500,"11am – 2am (Mon-Sun)",NA,"https://www.zomato.com/hyderabad/y9-multicuisine-restaurant-1-gachibowli"
"549","Baithak Where Else","North Indian, Fast Food",600,"7am – 12midnight (Mon-Sun)",NA,"https://www.zomato.com/hyderabad/baithak-where-else-gachibowli"
"550","Kulfiholics","Ice Cream, Desserts",100,"11:30am – 9:30pm (Mon-Sun)",NA,"https://www.zomato.com/hyderabad/kulfiholics-gachibowli"
"551","Taste Of Chicken","North Indian",250,"4pm – 4am (Mon-Sun)",NA,"https://www.zomato.com/hyderabad/taste-of-chicken-gachibowli"
"552","Srirama Excellency","North Indian, Chinese",500,"12noon – 11pm (Mon-Sun)",NA,"https://www.zomato.com/hyderabad/srirama-excellency-gachibowli"
"553","What The Food","Hyderabadi, Chinese",300,"11am – 11pm (Mon-Sun)",NA,"https://www.zomato.com/hyderabad/what-the-food-gachibowli"
"554","Empire Food Court","North Indian, Mughlai",400,"6pm – 11pm (Mon-Sun)",NA,"https://www.zomato.com/hyderabad/empire-food-court-gachibowli"
"555","ChickenWalla","North Indian, South Indian, Desserts",500,"8am – 11pm (Mon-Sun)",NA,"https://www.zomato.com/hyderabad/chickenwalla-gachibowli"
"556","Pandu Tiffins","South Indian",100,"7am – 2pm (Mon-Sun)",NA,"https://www.zomato.com/hyderabad/pandu-tiffins-gachibowli"
"557","Laziz Momos","Chinese",350,"11am – 11pm (Mon-Sun)",NA,"https://www.zomato.com/hyderabad/laziz-momos-gachibowli"
"558","Hazel 3 Shakes","Beverages",300,"11am – 11pm (Mon-Sun)",NA,"https://www.zomato.com/hyderabad/hazel-3-shakes-gachibowli"
"559","Nakshatra Food Court","North Indian, Chinese",450,"12noon – 12midnight (Mon-Sun)",NA,"https://www.zomato.com/hyderabad/nakshatra-food-court-gachibowli"
"560","King Of Thickshakes","Beverages",300,"11am – 10pm (Mon-Sun)",NA,"https://www.zomato.com/hyderabad/king-of-thickshakes-gachibowli"
"561","Hyderabad Spices","Hyderabadi",300,"12noon – 2am (Mon-Sun)",NA,"https://www.zomato.com/hyderabad/hyderabad-spices-gachibowli"
"562","Sri Sai Ganesh Chicken Biryani And Curry point","Andhra, Biryani, Fast Food",400,"11am – 11pm (Mon-Sun)",NA,"https://www.zomato.com/hyderabad/sri-sai-ganesh-chicken-biryani-and-curry-point-gachibowli"
"563","Ants Cafe","North Indian, Chinese, Continental",600,NA,NA,"https://www.zomato.com/hyderabad/ants-cafe-gachibowli"
"564","Dall House","North Indian, South Indian, Chinese, Beverages",350,"12noon – 12midnight (Mon-Sun)",NA,"https://www.zomato.com/hyderabad/dall-house-gachibowli"
"565","Amma Chethivantalu","South Indian",200,"11am – 11pm (Mon-Sun)",NA,"https://www.zomato.com/hyderabad/amma-chethivantalu-gachibowli"
"566","Fries And Cones","American",500,"10am – 11pm (Mon-Sun)",NA,"https://www.zomato.com/hyderabad/fries-and-cones-gachibowli"
"567","ABC - Absolutely Broasted Chicken","Fast Food",450,"11am – 11pm (Mon-Sun)",NA,"https://www.zomato.com/hyderabad/abc-absolutely-broasted-chicken-gachibowli"
"568","Mr Biryani Box","Biryani, Chinese, South Indian",450,"12noon – 12midnight (Mon-Sun)",NA,"https://www.zomato.com/hyderabad/mr-biryani-box-gachibowli"
"569","Cactus Food Court","North Indian, Chinese, Fast Food",400,"11am – 2am (Mon-Sun)",NA,"https://www.zomato.com/hyderabad/cactus-food-court-gachibowli"
"570","Ammamma Gari Vanta","South Indian, North Indian",350,"11am – 2am (Mon-Sun)",NA,"https://www.zomato.com/hyderabad/ammamma-gari-vanta-gachibowli"
"571","Sri Lakshmi Narsimha Tiffins and Meals","North Indian",300,"11am – 11pm (Mon-Sun)",NA,"https://www.zomato.com/hyderabad/sri-lakshmi-narsimha-tiffins-and-meals-gachibowli"
"572","Snack Wagon","Bakery, Desserts",300,"8am – 4pm (Mon-Sun)",NA,"https://www.zomato.com/hyderabad/snack-wagon-gachibowli"
"573","Hn Muttu's","South Indian",100,"4pm – 4am (Mon-Sun)",NA,"https://www.zomato.com/hyderabad/hn-muttu-039-s-gachibowli"
"574","International Juice And Icecream","Beverages, Fast Food",200,"10:30am – 10:30pm (Mon-Sun)",NA,"https://www.zomato.com/hyderabad/international-juice-and-icecream-gachibowli"
"575","Ripe Earth","Juices",150,"11am – 9pm (Mon-Sun)",NA,"https://www.zomato.com/hyderabad/ripe-earth-gachibowli"
"576","Dun Express","North Indian",350,"7:30pm – 10:30pm (Mon-Sat),Closed (Sun)",NA,"https://www.zomato.com/hyderabad/dun-express-gachibowli"
"577","S L Bakers","Bakery",200,"8am – 11pm (Mon-Sun)",NA,"https://www.zomato.com/hyderabad/s-l-bakers-gachibowli"
"578","Manuu Cafeteria","North Indian, South Indian, Chinese",300,"9am – 9pm (Mon-Sat),Closed (Sun)",NA,"https://www.zomato.com/hyderabad/manuu-cafeteria-gachibowli"
"579","Scoops Ice Cream","Desserts",200,"11am – 11pm (Mon-Sun)",NA,"https://www.zomato.com/hyderabad/scoops-ice-cream-gachibowli"
"580","Rice Bucket","Fast Food",300,"7am – 3am (Mon-Sun)",NA,"https://www.zomato.com/hyderabad/rice-bucket-gachibowli"
"581","Shri Krishna Foods","South Indian",150,"9:30am – 5pm (Mon, Tue, Thu, Fri, Sat, Sun)...",NA,"https://www.zomato.com/hyderabad/shri-krishna-foods-gachibowli"
"582","Parantha Pundit","North Indian",250,"12noon – 11pm (Mon-Sun)",NA,"https://www.zomato.com/hyderabad/parantha-pundit-gachibowli"
"583","The Kebab House","Kebab, Chinese, Beverages",400,"7pm – 1am (Mon-Sun)",NA,"https://www.zomato.com/hyderabad/the-kebab-house-gachibowli"
"584","Urban Kebab Rolls","Rolls",100,"11am – 11pm (Mon-Sun)",NA,"https://www.zomato.com/hyderabad/urban-kebab-rolls-gachibowli"
"585","Master of Momos","Momos",150,"12noon – 11pm (Mon-Sun)",NA,"https://www.zomato.com/hyderabad/master-of-momos-gachibowli"
"586","Spring Leafs Lemon Grass","North Indian, Chinese",300,"5:30am – 1am (Mon-Sun)",NA,"https://www.zomato.com/hyderabad/spring-leafs-lemon-grass-gachibowli"
"587","To Go Box","South Indian",500,"12noon – 9pm (Mon-Sun)",NA,"https://www.zomato.com/hyderabad/to-go-box-gachibowli"
"588","Six Addictions","Bakery, Desserts",150,"9am – 8pm (Mon-Sun)",NA,"https://www.zomato.com/hyderabad/six-addictions-gachibowli"
"589","Smoky Shawarma","Lebanese, Fast Food",200,"12noon – 1am (Mon-Sun)",NA,"https://www.zomato.com/hyderabad/smoky-shawarma-gachibowli"
"590","Padmasri Homely Food","Andhra, South Indian",300,"11am – 3pm, 6pm – 11pm (Mon-Sun)",NA,"https://www.zomato.com/hyderabad/padmasri-homely-food-gachibowli"
"591","Parathe Balle Balle","North Indian",300,"12noon – 11pm (Mon-Sun)",NA,"https://www.zomato.com/hyderabad/parathe-balle-balle-gachibowli"
"592","RS Chips and Italian Food","Italian",500,"12noon – 11pm (Mon-Sun)",NA,"https://www.zomato.com/hyderabad/rs-chips-and-italian-food-gachibowli"
"593","Jai Bhavani Food Court","Biryani, Chinese, South Indian",450,"12noon – 3pm, 7pm – 10pm (Mon-Sun)",NA,"https://www.zomato.com/hyderabad/jai-bhavani-food-court-gachibowli"
"594","3C Cakes & Cookies","Bakery, Fast Food",200,"9am – 11pm (Mon-Sun)",NA,"https://www.zomato.com/hyderabad/3c-cakes-cookies-gachibowli"
"595","Josh","Fast Food",400,NA,NA,"https://www.zomato.com/hyderabad/josh-gachibowli"
"596","Momo Time","Momos, Chinese",300,NA,NA,"https://www.zomato.com/hyderabad/momo-time-gachibowli"
"597","Waffle In The Box","Desserts",300,"7:30am – 12:30AM (Mon-Sun)",NA,"https://www.zomato.com/hyderabad/waffle-in-the-box-gachibowli"
"598","Season Food Court","Mughlai, North Indian, Biryani",500,"1pm – 3am (Mon-Sun)",NA,"https://www.zomato.com/hyderabad/season-food-court-gachibowli"
"599","Flavors Kitchen","South Indian",300,"12noon – 11pm (Mon-Sun)",NA,"https://www.zomato.com/hyderabad/flavors-kitchen-gachibowli"
"600","R & V Special Biryani","Biryani, North Indian, Chinese",300,NA,NA,"https://www.zomato.com/hyderabad/r-v-special-biryani-gachibowli"
"601","Spice Gossips","Chinese, North Indian",600,"12noon – 11:15pm (Mon-Sun)",NA,"https://www.zomato.com/hyderabad/spice-gossips-gachibowli"
"602","Ever Green TeaSpot","Fast Food",300,"4pm – 2am (Mon-Sun)",NA,"https://www.zomato.com/hyderabad/ever-green-teaspot-gachibowli"
"603","Hungers Hut","South Indian, Hyderabadi, North Indian, Fast Food",300,"10am – 11:30pm (Mon-Sun)",NA,"https://www.zomato.com/hyderabad/hungers-hut-gachibowli"
"604","Sree Sai Multicuisine Restaurant","South Indian",150,"7am – 3:30pm, 6:30pm – 11pm (Mon-Sun)",NA,"https://www.zomato.com/hyderabad/sree-sai-multicuisine-restaurant-gachibowli"
"605","Urban Kebab","Kebab, Rolls",200,NA,NA,"https://www.zomato.com/hyderabad/urban-kebab-gachibowli"
"606","Sri Sai Tiffins","South Indian",150,"6am – 1pm (Mon-Sun)",NA,"https://www.zomato.com/hyderabad/sri-sai-tiffins-gachibowli"
"607","Gole Wala And Lassi","Desserts, Beverages",100,"12noon – 5am (Mon-Sun)",NA,"https://www.zomato.com/hyderabad/gole-wala-and-lassi-gachibowli"
"608","Pirates Of Grill","North Indian, Chinese, Mughlai",600,"11am – 11pm (Mon-Sun)",NA,"https://www.zomato.com/hyderabad/pirates-of-grill-gachibowli"
"609","Parathe Sulthanat","North Indian",300,"11:30am – 12midnight (Mon-Sun)",NA,"https://www.zomato.com/hyderabad/parathe-sulthanat-gachibowli"
"610","Singhs Ka Swag","North Indian, Biryani",500,"11am – 11pm (Mon-Sun)",NA,"https://www.zomato.com/hyderabad/singhs-ka-swag-gachibowli"
"611","Favourite Restaurant","North Indian, Chinese",350,"11am – 11pm (Mon-Sun)",NA,"https://www.zomato.com/hyderabad/favourite-restaurant-gachibowli"
"612","Taste Of Nawab","North Indian, Rolls, Mughlai, Chinese",500,"11am – 11pm (Mon-Sun)",NA,"https://www.zomato.com/hyderabad/taste-of-nawab-gachibowli"
"613","Biryani & puloa","Biryani",400,"11am – 11pm (Mon-Sun)",NA,"https://www.zomato.com/hyderabad/biryani-puloa-gachibowli"
"614","Tandoor Singh","North Indian, Chinese, Rolls",500,"11am – 10pm (Mon-Sun)",NA,"https://www.zomato.com/hyderabad/tandoor-singh-gachibowli"
